ACCOUNTID,CONTACTID,DESCRIPTION,NAME,OPPORTUNITY__C,PRODUCT2ID,PURCHASEDATE,QUANTITY,SERIALNUMBER,STATUS
oiuiujjhdsfaf,adsfadsfadsfa,kjkjdkkjfdadfa,91CX100GU8032102559GX20,kjdskjdjkfa,lkdfsjlsadslads,afdslafdjafsa,1,91CX100GU8032102559GX20,Purchased
oiuiujjhdsfaf,adsfadsfadsfa,kjkjdkkjfdadfa,91CX100GU8032102560GX20,kjdskjdjkfa,lkdfsjlsadslads,afdslafdjafsa,1,91CX100GU8032102560GX20,Purchased
oiuiujjhdsfaf,adsfadsfadsfa,kjkjdkkjfdadfa,91CX100GU8032102561GX20,kjdskjdjkfa,lkdfsjlsadslads,afdslafdjafsa,1,91CX100GU8032102561GX20,Purchased
oiuiujjhdsfaf,adsfadsfadsfa,kjkjdkkjfdadfa,91CX100GU8032102562GX20,kjdskjdjkfa,lkdfsjlsadslads,afdslafdjafsa,1,91CX100GU8032102562GX20,Purchased
oiuiujjhdsfaf,adsfadsfadsfa,kjkjdkkjfdadfa,91CX100GU8032102563GX20,kjdskjdjkfa,lkdfsjlsadslads,afdslafdjafsa,1,91CX100GU8032102563GX20,Purchased
oiuiujjhdsfaf,adsfadsfadsfa,kjkjdkkjfdadfa,91CX100GU8032102564GX20,kjdskjdjkfa,lkdfsjlsadslads,afdslafdjafsa,1,91CX100GU8032102564GX20,Purchased
oiuiujjhdsfaf,adsfadsfadsfa,kjkjdkkjfdadfa,91CX100GU8032102565GX20,kjdskjdjkfa,lkdfsjlsadslads,afdslafdjafsa,1,91CX100GU8032102565GX20,Purchased
oiuiujjhdsfaf,adsfadsfadsfa,kjkjdkkjfdadfa,91CX100GU8032102566GX20,kjdskjdjkfa,lkdfsjlsadslads,afdslafdjafsa,1,91CX100GU8032102566GX20,Purchased
oiuiujjhdsfaf,adsfadsfadsfa,kjkjdkkjfdadfa,91CX100GU8032102567GX20,kjdskjdjkfa,lkdfsjlsadslads,afdslafdjafsa,1,91CX100GU8032102567GX20,Purchased
oiuiujjhdsfaf,adsfadsfadsfa,kjkjdkkjfdadfa,91CX100GU8032102568GX20,kjdskjdjkfa,lkdfsjlsadslads,afdslafdjafsa,1,91CX100GU8032102568GX20,Purchased
oiuiujjhdsfaf,adsfadsfadsfa,kjkjdkkjfdadfa,91CX100GU8032102569GX20,kjdskjdjkfa,lkdfsjlsadslads,afdslafdjafsa,1,91CX100GU8032102569GX20,Purchased
oiuiujjhdsfaf,adsfadsfadsfa,kjkjdkkjfdadfa,91CX100GU8032102570GX20,kjdskjdjkfa,lkdfsjlsadslads,afdslafdjafsa,1,91CX100GU8032102570GX20,Purchased
oiuiujjhdsfaf,adsfadsfadsfa,kjkjdkkjfdadfa,91CX100GU8032102571GX20,kjdskjdjkfa,lkdfsjlsadslads,afdslafdjafsa,1,91CX100GU8032102571GX20,Purchased
oiuiujjhdsfaf,adsfadsfadsfa,kjkjdkkjfdadfa,91CX100GU8032102572GX20,kjdskjdjkfa,lkdfsjlsadslads,afdslafdjafsa,1,91CX100GU8032102572GX20,Purchased
oiuiujjhdsfaf,adsfadsfadsfa,kjkjdkkjfdadfa,91CX100GU8032102573GX20,kjdskjdjkfa,lkdfsjlsadslads,afdslafdjafsa,1,91CX100GU8032102573GX20,Purchased
oiuiujjhdsfaf,adsfadsfadsfa,kjkjdkkjfdadfa,91CX100GU8032102574GX20,kjdskjdjkfa,lkdfsjlsadslads,afdslafdjafsa,1,91CX100GU8032102574GX20,Purchased
oiuiujjhdsfaf,adsfadsfadsfa,kjkjdkkjfdadfa,91CX100GU8032102575GX20,kjdskjdjkfa,lkdfsjlsadslads,afdslafdjafsa,1,91CX100GU8032102575GX20,Purchased
oiuiujjhdsfaf,adsfadsfadsfa,kjkjdkkjfdadfa,91CX100GU8032102576GX20,kjdskjdjkfa,lkdfsjlsadslads,afdslafdjafsa,1,91CX100GU8032102576GX20,Purchased
oiuiujjhdsfaf,adsfadsfadsfa,kjkjdkkjfdadfa,91CX100GU8032102577GX20,kjdskjdjkfa,lkdfsjlsadslads,afdslafdjafsa,1,91CX100GU8032102577GX20,Purchased
oiuiujjhdsfaf,adsfadsfadsfa,kjkjdkkjfdadfa,91CX100GU8032102578GX20,kjdskjdjkfa,lkdfsjlsadslads,afdslafdjafsa,1,91CX100GU8032102578GX20,Purchased
oiuiujjhdsfaf,adsfadsfadsfa,kjkjdkkjfdadfa,91CX100GU8032102579GX20,kjdskjdjkfa,lkdfsjlsadslads,afdslafdjafsa,1,91CX100GU8032102579GX20,Purchased
oiuiujjhdsfaf,adsfadsfadsfa,kjkjdkkjfdadfa,91CX100GU8032102580GX20,kjdskjdjkfa,lkdfsjlsadslads,afdslafdjafsa,1,91CX100GU8032102580GX20,Purchased
oiuiujjhdsfaf,adsfadsfadsfa,kjkjdkkjfdadfa,91CX100GU8032102581GX20,kjdskjdjkfa,lkdfsjlsadslads,afdslafdjafsa,1,91CX100GU8032102581GX20,Purchased
oiuiujjhdsfaf,adsfadsfadsfa,kjkjdkkjfdadfa,91CX100GU8032102582GX20,kjdskjdjkfa,lkdfsjlsadslads,afdslafdjafsa,1,91CX100GU8032102582GX20,Purchased
oiuiujjhdsfaf,adsfadsfadsfa,kjkjdkkjfdadfa,91CX100GU8032102583GX20,kjdskjdjkfa,lkdfsjlsadslads,afdslafdjafsa,1,91CX100GU8032102583GX20,Purchased
oiuiujjhdsfaf,adsfadsfadsfa,kjkjdkkjfdadfa,91CX100GU8032102584GX20,kjdskjdjkfa,lkdfsjlsadslads,afdslafdjafsa,1,91CX100GU8032102584GX20,Purchased
oiuiujjhdsfaf,adsfadsfadsfa,kjkjdkkjfdadfa,91CX100GU8032102585GX20,kjdskjdjkfa,lkdfsjlsadslads,afdslafdjafsa,1,91CX100GU8032102585GX20,Purchased
oiuiujjhdsfaf,adsfadsfadsfa,kjkjdkkjfdadfa,91CX100GU8032102586GX20,kjdskjdjkfa,lkdfsjlsadslads,afdslafdjafsa,1,91CX100GU8032102586GX20,Purchased
oiuiujjhdsfaf,adsfadsfadsfa,kjkjdkkjfdadfa,91CX100GU8032102587GX20,kjdskjdjkfa,lkdfsjlsadslads,afdslafdjafsa,1,91CX100GU8032102587GX20,Purchased
oiuiujjhdsfaf,adsfadsfadsfa,kjkjdkkjfdadfa,91CX100GU8032102588GX20,kjdskjdjkfa,lkdfsjlsadslads,afdslafdjafsa,1,91CX100GU8032102588GX20,Purchased
oiuiujjhdsfaf,adsfadsfadsfa,kjkjdkkjfdadfa,91CX100GU8032102589GX20,kjdskjdjkfa,lkdfsjlsadslads,afdslafdjafsa,1,91CX100GU8032102589GX20,Purchased
oiuiujjhdsfaf,adsfadsfadsfa,kjkjdkkjfdadfa,91CX100GU8032102590GX20,kjdskjdjkfa,lkdfsjlsadslads,afdslafdjafsa,1,91CX100GU8032102590GX20,Purchased
oiuiujjhdsfaf,adsfadsfadsfa,kjkjdkkjfdadfa,91CX100GU8032102591GX20,kjdskjdjkfa,lkdfsjlsadslads,afdslafdjafsa,1,91CX100GU8032102591GX20,Purchased
oiuiujjhdsfaf,adsfadsfadsfa,kjkjdkkjfdadfa,91CX100GU8032102592GX20,kjdskjdjkfa,lkdfsjlsadslads,afdslafdjafsa,1,91CX100GU8032102592GX20,Purchased
oiuiujjhdsfaf,adsfadsfadsfa,kjkjdkkjfdadfa,91CX100GU8032102593GX20,kjdskjdjkfa,lkdfsjlsadslads,afdslafdjafsa,1,91CX100GU8032102593GX20,Purchased
oiuiujjhdsfaf,adsfadsfadsfa,kjkjdkkjfdadfa,91CX100GU8032102594GX20,kjdskjdjkfa,lkdfsjlsadslads,afdslafdjafsa,1,91CX100GU8032102594GX20,Purchased
oiuiujjhdsfaf,adsfadsfadsfa,kjkjdkkjfdadfa,91CX100GU8032102595GX20,kjdskjdjkfa,lkdfsjlsadslads,afdslafdjafsa,1,91CX100GU8032102595GX20,Purchased
oiuiujjhdsfaf,adsfadsfadsfa,kjkjdkkjfdadfa,91CX100GU8032102596GX20,kjdskjdjkfa,lkdfsjlsadslads,afdslafdjafsa,1,91CX100GU8032102596GX20,Purchased
oiuiujjhdsfaf,adsfadsfadsfa,kjkjdkkjfdadfa,91CX100GU8032102597GX20,kjdskjdjkfa,lkdfsjlsadslads,afdslafdjafsa,1,91CX100GU8032102597GX20,Purchased
oiuiujjhdsfaf,adsfadsfadsfa,kjkjdkkjfdadfa,91CX100GU8032102598GX20,kjdskjdjkfa,lkdfsjlsadslads,afdslafdjafsa,1,91CX100GU8032102598GX20,Purchased
oiuiujjhdsfaf,adsfadsfadsfa,kjkjdkkjfdadfa,91CX100GU8032102599GX20,kjdskjdjkfa,lkdfsjlsadslads,afdslafdjafsa,1,91CX100GU8032102599GX20,Purchased
oiuiujjhdsfaf,adsfadsfadsfa,kjkjdkkjfdadfa,91CX100GU8032102600GX20,kjdskjdjkfa,lkdfsjlsadslads,afdslafdjafsa,1,91CX100GU8032102600GX20,Purchased
oiuiujjhdsfaf,adsfadsfadsfa,kjkjdkkjfdadfa,91CX100GU8032102601GX20,kjdskjdjkfa,lkdfsjlsadslads,afdslafdjafsa,1,91CX100GU8032102601GX20,Purchased
oiuiujjhdsfaf,adsfadsfadsfa,kjkjdkkjfdadfa,91CX100GU8032102602GX20,kjdskjdjkfa,lkdfsjlsadslads,afdslafdjafsa,1,91CX100GU8032102602GX20,Purchased
oiuiujjhdsfaf,adsfadsfadsfa,kjkjdkkjfdadfa,91CX100GU8032102603GX20,kjdskjdjkfa,lkdfsjlsadslads,afdslafdjafsa,1,91CX100GU8032102603GX20,Purchased
oiuiujjhdsfaf,adsfadsfadsfa,kjkjdkkjfdadfa,91CX100GU8032102604GX20,kjdskjdjkfa,lkdfsjlsadslads,afdslafdjafsa,1,91CX100GU8032102604GX20,Purchased
oiuiujjhdsfaf,adsfadsfadsfa,kjkjdkkjfdadfa,91CX100GU8032102605GX20,kjdskjdjkfa,lkdfsjlsadslads,afdslafdjafsa,1,91CX100GU8032102605GX20,Purchased
oiuiujjhdsfaf,adsfadsfadsfa,kjkjdkkjfdadfa,91CX100GU8032102606GX20,kjdskjdjkfa,lkdfsjlsadslads,afdslafdjafsa,1,91CX100GU8032102606GX20,Purchased
oiuiujjhdsfaf,adsfadsfadsfa,kjkjdkkjfdadfa,91CX100GU8032102607GX20,kjdskjdjkfa,lkdfsjlsadslads,afdslafdjafsa,1,91CX100GU8032102607GX20,Purchased
oiuiujjhdsfaf,adsfadsfadsfa,kjkjdkkjfdadfa,91CX100GU8032102608GX20,kjdskjdjkfa,lkdfsjlsadslads,afdslafdjafsa,1,91CX100GU8032102608GX20,Purchased
oiuiujjhdsfaf,adsfadsfadsfa,kjkjdkkjfdadfa,91CX100GU8032102609GX20,kjdskjdjkfa,lkdfsjlsadslads,afdslafdjafsa,1,91CX100GU8032102609GX20,Purchased
oiuiujjhdsfaf,adsfadsfadsfa,kjkjdkkjfdadfa,91CX100GU8032102610GX20,kjdskjdjkfa,lkdfsjlsadslads,afdslafdjafsa,1,91CX100GU8032102610GX20,Purchased
oiuiujjhdsfaf,adsfadsfadsfa,kjkjdkkjfdadfa,91CX100GU8032102611GX20,kjdskjdjkfa,lkdfsjlsadslads,afdslafdjafsa,1,91CX100GU8032102611GX20,Purchased
oiuiujjhdsfaf,adsfadsfadsfa,kjkjdkkjfdadfa,91CX100GU8032102612GX20,kjdskjdjkfa,lkdfsjlsadslads,afdslafdjafsa,1,91CX100GU8032102612GX20,Purchased
oiuiujjhdsfaf,adsfadsfadsfa,kjkjdkkjfdadfa,91CX100GU8032102613GX20,kjdskjdjkfa,lkdfsjlsadslads,afdslafdjafsa,1,91CX100GU8032102613GX20,Purchased
oiuiujjhdsfaf,adsfadsfadsfa,kjkjdkkjfdadfa,91CX100GU8032102614GX20,kjdskjdjkfa,lkdfsjlsadslads,afdslafdjafsa,1,91CX100GU8032102614GX20,Purchased
oiuiujjhdsfaf,adsfadsfadsfa,kjkjdkkjfdadfa,91CX100GU8032102615GX20,kjdskjdjkfa,lkdfsjlsadslads,afdslafdjafsa,1,91CX100GU8032102615GX20,Purchased
oiuiujjhdsfaf,adsfadsfadsfa,kjkjdkkjfdadfa,91CX100GU8032102616GX20,kjdskjdjkfa,lkdfsjlsadslads,afdslafdjafsa,1,91CX100GU8032102616GX20,Purchased
oiuiujjhdsfaf,adsfadsfadsfa,kjkjdkkjfdadfa,91CX100GU8032102617GX20,kjdskjdjkfa,lkdfsjlsadslads,afdslafdjafsa,1,91CX100GU8032102617GX20,Purchased
oiuiujjhdsfaf,adsfadsfadsfa,kjkjdkkjfdadfa,91CX100GU8032102618GX20,kjdskjdjkfa,lkdfsjlsadslads,afdslafdjafsa,1,91CX100GU8032102618GX20,Purchased
oiuiujjhdsfaf,adsfadsfadsfa,kjkjdkkjfdadfa,91CX100GU8032102619GX20,kjdskjdjkfa,lkdfsjlsadslads,afdslafdjafsa,1,91CX100GU8032102619GX20,Purchased
oiuiujjhdsfaf,adsfadsfadsfa,kjkjdkkjfdadfa,91CX100GU8032102620GX20,kjdskjdjkfa,lkdfsjlsadslads,afdslafdjafsa,1,91CX100GU8032102620GX20,Purchased
oiuiujjhdsfaf,adsfadsfadsfa,kjkjdkkjfdadfa,91CX100GU8032102621GX20,kjdskjdjkfa,lkdfsjlsadslads,afdslafdjafsa,1,91CX100GU8032102621GX20,Purchased
oiuiujjhdsfaf,adsfadsfadsfa,kjkjdkkjfdadfa,91CX100GU8032102622GX20,kjdskjdjkfa,lkdfsjlsadslads,afdslafdjafsa,1,91CX100GU8032102622GX20,Purchased
oiuiujjhdsfaf,adsfadsfadsfa,kjkjdkkjfdadfa,91CX100GU8032102623GX20,kjdskjdjkfa,lkdfsjlsadslads,afdslafdjafsa,1,91CX100GU8032102623GX20,Purchased
oiuiujjhdsfaf,adsfadsfadsfa,kjkjdkkjfdadfa,91CX100GU8032102624GX20,kjdskjdjkfa,lkdfsjlsadslads,afdslafdjafsa,1,91CX100GU8032102624GX20,Purchased
oiuiujjhdsfaf,adsfadsfadsfa,kjkjdkkjfdadfa,91CX100GU8032102625GX20,kjdskjdjkfa,lkdfsjlsadslads,afdslafdjafsa,1,91CX100GU8032102625GX20,Purchased
oiuiujjhdsfaf,adsfadsfadsfa,kjkjdkkjfdadfa,91CX100GU8032102626GX20,kjdskjdjkfa,lkdfsjlsadslads,afdslafdjafsa,1,91CX100GU8032102626GX20,Purchased
oiuiujjhdsfaf,adsfadsfadsfa,kjkjdkkjfdadfa,91CX100GU8032102627GX20,kjdskjdjkfa,lkdfsjlsadslads,afdslafdjafsa,1,91CX100GU8032102627GX20,Purchased
oiuiujjhdsfaf,adsfadsfadsfa,kjkjdkkjfdadfa,91CX100GU8032102628GX20,kjdskjdjkfa,lkdfsjlsadslads,afdslafdjafsa,1,91CX100GU8032102628GX20,Purchased
oiuiujjhdsfaf,adsfadsfadsfa,kjkjdkkjfdadfa,91CX100GU8032102629GX20,kjdskjdjkfa,lkdfsjlsadslads,afdslafdjafsa,1,91CX100GU8032102629GX20,Purchased
oiuiujjhdsfaf,adsfadsfadsfa,kjkjdkkjfdadfa,91CX100GU8032102630GX20,kjdskjdjkfa,lkdfsjlsadslads,afdslafdjafsa,1,91CX100GU8032102630GX20,Purchased
oiuiujjhdsfaf,adsfadsfadsfa,kjkjdkkjfdadfa,91CX100GU8032102631GX20,kjdskjdjkfa,lkdfsjlsadslads,afdslafdjafsa,1,91CX100GU8032102631GX20,Purchased
oiuiujjhdsfaf,adsfadsfadsfa,kjkjdkkjfdadfa,91CX100GU8032102632GX20,kjdskjdjkfa,lkdfsjlsadslads,afdslafdjafsa,1,91CX100GU8032102632GX20,Purchased
oiuiujjhdsfaf,adsfadsfadsfa,kjkjdkkjfdadfa,91CX100GU8032102633GX20,kjdskjdjkfa,lkdfsjlsadslads,afdslafdjafsa,1,91CX100GU8032102633GX20,Purchased
oiuiujjhdsfaf,adsfadsfadsfa,kjkjdkkjfdadfa,91CX100GU8032102634GX20,kjdskjdjkfa,lkdfsjlsadslads,afdslafdjafsa,1,91CX100GU8032102634GX20,Purchased
oiuiujjhdsfaf,adsfadsfadsfa,kjkjdkkjfdadfa,91CX100GU8032102635GX20,kjdskjdjkfa,lkdfsjlsadslads,afdslafdjafsa,1,91CX100GU8032102635GX20,Purchased
oiuiujjhdsfaf,adsfadsfadsfa,kjkjdkkjfdadfa,91CX100GU8032102636GX20,kjdskjdjkfa,lkdfsjlsadslads,afdslafdjafsa,1,91CX100GU8032102636GX20,Purchased
oiuiujjhdsfaf,adsfadsfadsfa,kjkjdkkjfdadfa,91CX100GU8032102637GX20,kjdskjdjkfa,lkdfsjlsadslads,afdslafdjafsa,1,91CX100GU8032102637GX20,Purchased
oiuiujjhdsfaf,adsfadsfadsfa,kjkjdkkjfdadfa,91CX100GU8032102638GX20,kjdskjdjkfa,lkdfsjlsadslads,afdslafdjafsa,1,91CX100GU8032102638GX20,Purchased
oiuiujjhdsfaf,adsfadsfadsfa,kjkjdkkjfdadfa,91CX100GU8032102639GX20,kjdskjdjkfa,lkdfsjlsadslads,afdslafdjafsa,1,91CX100GU8032102639GX20,Purchased
oiuiujjhdsfaf,adsfadsfadsfa,kjkjdkkjfdadfa,91CX100GU8032102640GX20,kjdskjdjkfa,lkdfsjlsadslads,afdslafdjafsa,1,91CX100GU8032102640GX20,Purchased
oiuiujjhdsfaf,adsfadsfadsfa,kjkjdkkjfdadfa,91CX100GU8032102641GX20,kjdskjdjkfa,lkdfsjlsadslads,afdslafdjafsa,1,91CX100GU8032102641GX20,Purchased
oiuiujjhdsfaf,adsfadsfadsfa,kjkjdkkjfdadfa,91CX100GU8032102642GX20,kjdskjdjkfa,lkdfsjlsadslads,afdslafdjafsa,1,91CX100GU8032102642GX20,Purchased
oiuiujjhdsfaf,adsfadsfadsfa,kjkjdkkjfdadfa,91CX100GU8032102643GX20,kjdskjdjkfa,lkdfsjlsadslads,afdslafdjafsa,1,91CX100GU8032102643GX20,Purchased
oiuiujjhdsfaf,adsfadsfadsfa,kjkjdkkjfdadfa,91CX100GU8032102644GX20,kjdskjdjkfa,lkdfsjlsadslads,afdslafdjafsa,1,91CX100GU8032102644GX20,Purchased
oiuiujjhdsfaf,adsfadsfadsfa,kjkjdkkjfdadfa,91CX100GU8032102645GX20,kjdskjdjkfa,lkdfsjlsadslads,afdslafdjafsa,1,91CX100GU8032102645GX20,Purchased
oiuiujjhdsfaf,adsfadsfadsfa,kjkjdkkjfdadfa,91CX100GU8032102646GX20,kjdskjdjkfa,lkdfsjlsadslads,afdslafdjafsa,1,91CX100GU8032102646GX20,Purchased
oiuiujjhdsfaf,adsfadsfadsfa,kjkjdkkjfdadfa,91CX100GU8032102647GX20,kjdskjdjkfa,lkdfsjlsadslads,afdslafdjafsa,1,91CX100GU8032102647GX20,Purchased
oiuiujjhdsfaf,adsfadsfadsfa,kjkjdkkjfdadfa,91CX100GU8032102648GX20,kjdskjdjkfa,lkdfsjlsadslads,afdslafdjafsa,1,91CX100GU8032102648GX20,Purchased
oiuiujjhdsfaf,adsfadsfadsfa,kjkjdkkjfdadfa,91CX100GU8032102649GX20,kjdskjdjkfa,lkdfsjlsadslads,afdslafdjafsa,1,91CX100GU8032102649GX20,Purchased
oiuiujjhdsfaf,adsfadsfadsfa,kjkjdkkjfdadfa,91CX100GU8032102650GX20,kjdskjdjkfa,lkdfsjlsadslads,afdslafdjafsa,1,91CX100GU8032102650GX20,Purchased
oiuiujjhdsfaf,adsfadsfadsfa,kjkjdkkjfdadfa,91CX100GU8032102651GX20,kjdskjdjkfa,lkdfsjlsadslads,afdslafdjafsa,1,91CX100GU8032102651GX20,Purchased
oiuiujjhdsfaf,adsfadsfadsfa,kjkjdkkjfdadfa,91CX100GU8032102652GX20,kjdskjdjkfa,lkdfsjlsadslads,afdslafdjafsa,1,91CX100GU8032102652GX20,Purchased
oiuiujjhdsfaf,adsfadsfadsfa,kjkjdkkjfdadfa,91CX100GU8032102653GX20,kjdskjdjkfa,lkdfsjlsadslads,afdslafdjafsa,1,91CX100GU8032102653GX20,Purchased
oiuiujjhdsfaf,adsfadsfadsfa,kjkjdkkjfdadfa,91CX100GU8032102654GX20,kjdskjdjkfa,lkdfsjlsadslads,afdslafdjafsa,1,91CX100GU8032102654GX20,Purchased
oiuiujjhdsfaf,adsfadsfadsfa,kjkjdkkjfdadfa,91CX100GU8032102655GX20,kjdskjdjkfa,lkdfsjlsadslads,afdslafdjafsa,1,91CX100GU8032102655GX20,Purchased
oiuiujjhdsfaf,adsfadsfadsfa,kjkjdkkjfdadfa,91CX100GU8032102656GX20,kjdskjdjkfa,lkdfsjlsadslads,afdslafdjafsa,1,91CX100GU8032102656GX20,Purchased
oiuiujjhdsfaf,adsfadsfadsfa,kjkjdkkjfdadfa,91CX100GU8032102657GX20,kjdskjdjkfa,lkdfsjlsadslads,afdslafdjafsa,1,91CX100GU8032102657GX20,Purchased
oiuiujjhdsfaf,adsfadsfadsfa,kjkjdkkjfdadfa,91CX100GU8032102658GX20,kjdskjdjkfa,lkdfsjlsadslads,afdslafdjafsa,1,91CX100GU8032102658GX20,Purchased
oiuiujjhdsfaf,adsfadsfadsfa,kjkjdkkjfdadfa,91CX100GU8032102659GX20,kjdskjdjkfa,lkdfsjlsadslads,afdslafdjafsa,1,91CX100GU8032102659GX20,Purchased
oiuiujjhdsfaf,adsfadsfadsfa,kjkjdkkjfdadfa,91CX100GU8032102660GX20,kjdskjdjkfa,lkdfsjlsadslads,afdslafdjafsa,1,91CX100GU8032102660GX20,Purchased
oiuiujjhdsfaf,adsfadsfadsfa,kjkjdkkjfdadfa,91CX100GU8032102661GX20,kjdskjdjkfa,lkdfsjlsadslads,afdslafdjafsa,1,91CX100GU8032102661GX20,Purchased
oiuiujjhdsfaf,adsfadsfadsfa,kjkjdkkjfdadfa,91CX100GU8032102662GX20,kjdskjdjkfa,lkdfsjlsadslads,afdslafdjafsa,1,91CX100GU8032102662GX20,Purchased
oiuiujjhdsfaf,adsfadsfadsfa,kjkjdkkjfdadfa,91CX100GU8032102663GX20,kjdskjdjkfa,lkdfsjlsadslads,afdslafdjafsa,1,91CX100GU8032102663GX20,Purchased
oiuiujjhdsfaf,adsfadsfadsfa,kjkjdkkjfdadfa,91CX100GU8032102664GX20,kjdskjdjkfa,lkdfsjlsadslads,afdslafdjafsa,1,91CX100GU8032102664GX20,Purchased
oiuiujjhdsfaf,adsfadsfadsfa,kjkjdkkjfdadfa,91CX100GU8032102665GX20,kjdskjdjkfa,lkdfsjlsadslads,afdslafdjafsa,1,91CX100GU8032102665GX20,Purchased
oiuiujjhdsfaf,adsfadsfadsfa,kjkjdkkjfdadfa,91CX100GU8032102666GX20,kjdskjdjkfa,lkdfsjlsadslads,afdslafdjafsa,1,91CX100GU8032102666GX20,Purchased
oiuiujjhdsfaf,adsfadsfadsfa,kjkjdkkjfdadfa,91CX100GU8032102667GX20,kjdskjdjkfa,lkdfsjlsadslads,afdslafdjafsa,1,91CX100GU8032102667GX20,Purchased
oiuiujjhdsfaf,adsfadsfadsfa,kjkjdkkjfdadfa,91CX100GU8032102668GX20,kjdskjdjkfa,lkdfsjlsadslads,afdslafdjafsa,1,91CX100GU8032102668GX20,Purchased
oiuiujjhdsfaf,adsfadsfadsfa,kjkjdkkjfdadfa,91CX100GU8032102669GX20,kjdskjdjkfa,lkdfsjlsadslads,afdslafdjafsa,1,91CX100GU8032102669GX20,Purchased
oiuiujjhdsfaf,adsfadsfadsfa,kjkjdkkjfdadfa,91CX100GU8032102670GX20,kjdskjdjkfa,lkdfsjlsadslads,afdslafdjafsa,1,91CX100GU8032102670GX20,Purchased
oiuiujjhdsfaf,adsfadsfadsfa,kjkjdkkjfdadfa,91CX100GU8032102671GX20,kjdskjdjkfa,lkdfsjlsadslads,afdslafdjafsa,1,91CX100GU8032102671GX20,Purchased
oiuiujjhdsfaf,adsfadsfadsfa,kjkjdkkjfdadfa,91CX100GU8032102672GX20,kjdskjdjkfa,lkdfsjlsadslads,afdslafdjafsa,1,91CX100GU8032102672GX20,Purchased
oiuiujjhdsfaf,adsfadsfadsfa,kjkjdkkjfdadfa,91CX100GU8032102673GX20,kjdskjdjkfa,lkdfsjlsadslads,afdslafdjafsa,1,91CX100GU8032102673GX20,Purchased
oiuiujjhdsfaf,adsfadsfadsfa,kjkjdkkjfdadfa,91CX100GU8032102674GX20,kjdskjdjkfa,lkdfsjlsadslads,afdslafdjafsa,1,91CX100GU8032102674GX20,Purchased
oiuiujjhdsfaf,adsfadsfadsfa,kjkjdkkjfdadfa,91CX100GU8032102675GX20,kjdskjdjkfa,lkdfsjlsadslads,afdslafdjafsa,1,91CX100GU8032102675GX20,Purchased
oiuiujjhdsfaf,adsfadsfadsfa,kjkjdkkjfdadfa,91CX100GU8032102676GX20,kjdskjdjkfa,lkdfsjlsadslads,afdslafdjafsa,1,91CX100GU8032102676GX20,Purchased
oiuiujjhdsfaf,adsfadsfadsfa,kjkjdkkjfdadfa,91CX100GU8032102677GX20,kjdskjdjkfa,lkdfsjlsadslads,afdslafdjafsa,1,91CX100GU8032102677GX20,Purchased
oiuiujjhdsfaf,adsfadsfadsfa,kjkjdkkjfdadfa,91CX100GU8032102678GX20,kjdskjdjkfa,lkdfsjlsadslads,afdslafdjafsa,1,91CX100GU8032102678GX20,Purchased
oiuiujjhdsfaf,adsfadsfadsfa,kjkjdkkjfdadfa,91CX100GU8032102679GX20,kjdskjdjkfa,lkdfsjlsadslads,afdslafdjafsa,1,91CX100GU8032102679GX20,Purchased
oiuiujjhdsfaf,adsfadsfadsfa,kjkjdkkjfdadfa,91CX100GU8032102680GX20,kjdskjdjkfa,lkdfsjlsadslads,afdslafdjafsa,1,91CX100GU8032102680GX20,Purchased
oiuiujjhdsfaf,adsfadsfadsfa,kjkjdkkjfdadfa,91CX100GU8032102681GX20,kjdskjdjkfa,lkdfsjlsadslads,afdslafdjafsa,1,91CX100GU8032102681GX20,Purchased
oiuiujjhdsfaf,adsfadsfadsfa,kjkjdkkjfdadfa,91CX100GU8032102682GX20,kjdskjdjkfa,lkdfsjlsadslads,afdslafdjafsa,1,91CX100GU8032102682GX20,Purchased
oiuiujjhdsfaf,adsfadsfadsfa,kjkjdkkjfdadfa,91CX100GU8032102683GX20,kjdskjdjkfa,lkdfsjlsadslads,afdslafdjafsa,1,91CX100GU8032102683GX20,Purchased
oiuiujjhdsfaf,adsfadsfadsfa,kjkjdkkjfdadfa,91CX100GU8032102684GX20,kjdskjdjkfa,lkdfsjlsadslads,afdslafdjafsa,1,91CX100GU8032102684GX20,Purchased
oiuiujjhdsfaf,adsfadsfadsfa,kjkjdkkjfdadfa,91CX100GU8032102685GX20,kjdskjdjkfa,lkdfsjlsadslads,afdslafdjafsa,1,91CX100GU8032102685GX20,Purchased
oiuiujjhdsfaf,adsfadsfadsfa,kjkjdkkjfdadfa,91CX100GU8032102686GX20,kjdskjdjkfa,lkdfsjlsadslads,afdslafdjafsa,1,91CX100GU8032102686GX20,Purchased
oiuiujjhdsfaf,adsfadsfadsfa,kjkjdkkjfdadfa,91CX100GU8032102687GX20,kjdskjdjkfa,lkdfsjlsadslads,afdslafdjafsa,1,91CX100GU8032102687GX20,Purchased
oiuiujjhdsfaf,adsfadsfadsfa,kjkjdkkjfdadfa,91CX100GU8032102688GX20,kjdskjdjkfa,lkdfsjlsadslads,afdslafdjafsa,1,91CX100GU8032102688GX20,Purchased
oiuiujjhdsfaf,adsfadsfadsfa,kjkjdkkjfdadfa,91CX100GU8032102689GX20,kjdskjdjkfa,lkdfsjlsadslads,afdslafdjafsa,1,91CX100GU8032102689GX20,Purchased
oiuiujjhdsfaf,adsfadsfadsfa,kjkjdkkjfdadfa,91CX100GU8032102690GX20,kjdskjdjkfa,lkdfsjlsadslads,afdslafdjafsa,1,91CX100GU8032102690GX20,Purchased
oiuiujjhdsfaf,adsfadsfadsfa,kjkjdkkjfdadfa,91CX100GU8032102691GX20,kjdskjdjkfa,lkdfsjlsadslads,afdslafdjafsa,1,91CX100GU8032102691GX20,Purchased
oiuiujjhdsfaf,adsfadsfadsfa,kjkjdkkjfdadfa,91CX100GU8032102692GX20,kjdskjdjkfa,lkdfsjlsadslads,afdslafdjafsa,1,91CX100GU8032102692GX20,Purchased
oiuiujjhdsfaf,adsfadsfadsfa,kjkjdkkjfdadfa,91CX100GU8032102693GX20,kjdskjdjkfa,lkdfsjlsadslads,afdslafdjafsa,1,91CX100GU8032102693GX20,Purchased
oiuiujjhdsfaf,adsfadsfadsfa,kjkjdkkjfdadfa,91CX100GU8032102694GX20,kjdskjdjkfa,lkdfsjlsadslads,afdslafdjafsa,1,91CX100GU8032102694GX20,Purchased
oiuiujjhdsfaf,adsfadsfadsfa,kjkjdkkjfdadfa,91CX100GU8032102695GX20,kjdskjdjkfa,lkdfsjlsadslads,afdslafdjafsa,1,91CX100GU8032102695GX20,Purchased
oiuiujjhdsfaf,adsfadsfadsfa,kjkjdkkjfdadfa,91CX100GU8032102696GX20,kjdskjdjkfa,lkdfsjlsadslads,afdslafdjafsa,1,91CX100GU8032102696GX20,Purchased
oiuiujjhdsfaf,adsfadsfadsfa,kjkjdkkjfdadfa,91CX100GU8032102697GX20,kjdskjdjkfa,lkdfsjlsadslads,afdslafdjafsa,1,91CX100GU8032102697GX20,Purchased
oiuiujjhdsfaf,adsfadsfadsfa,kjkjdkkjfdadfa,91CX100GU8032102698GX20,kjdskjdjkfa,lkdfsjlsadslads,afdslafdjafsa,1,91CX100GU8032102698GX20,Purchased
oiuiujjhdsfaf,adsfadsfadsfa,kjkjdkkjfdadfa,91CX100GU8032102699GX20,kjdskjdjkfa,lkdfsjlsadslads,afdslafdjafsa,1,91CX100GU8032102699GX20,Purchased
oiuiujjhdsfaf,adsfadsfadsfa,kjkjdkkjfdadfa,91CX100GU8032102700GX20,kjdskjdjkfa,lkdfsjlsadslads,afdslafdjafsa,1,91CX100GU8032102700GX20,Purchased
oiuiujjhdsfaf,adsfadsfadsfa,kjkjdkkjfdadfa,91CX100GU8032102701GX20,kjdskjdjkfa,lkdfsjlsadslads,afdslafdjafsa,1,91CX100GU8032102701GX20,Purchased
oiuiujjhdsfaf,adsfadsfadsfa,kjkjdkkjfdadfa,91CX100GU8032102702GX20,kjdskjdjkfa,lkdfsjlsadslads,afdslafdjafsa,1,91CX100GU8032102702GX20,Purchased
oiuiujjhdsfaf,adsfadsfadsfa,kjkjdkkjfdadfa,91CX100GU8032102703GX20,kjdskjdjkfa,lkdfsjlsadslads,afdslafdjafsa,1,91CX100GU8032102703GX20,Purchased
oiuiujjhdsfaf,adsfadsfadsfa,kjkjdkkjfdadfa,91CX100GU8032102704GX20,kjdskjdjkfa,lkdfsjlsadslads,afdslafdjafsa,1,91CX100GU8032102704GX20,Purchased
oiuiujjhdsfaf,adsfadsfadsfa,kjkjdkkjfdadfa,91CX100GU8032102705GX20,kjdskjdjkfa,lkdfsjlsadslads,afdslafdjafsa,1,91CX100GU8032102705GX20,Purchased
oiuiujjhdsfaf,adsfadsfadsfa,kjkjdkkjfdadfa,91CX100GU8032102706GX20,kjdskjdjkfa,lkdfsjlsadslads,afdslafdjafsa,1,91CX100GU8032102706GX20,Purchased
oiuiujjhdsfaf,adsfadsfadsfa,kjkjdkkjfdadfa,91CX100GU8032102707GX20,kjdskjdjkfa,lkdfsjlsadslads,afdslafdjafsa,1,91CX100GU8032102707GX20,Purchased
oiuiujjhdsfaf,adsfadsfadsfa,kjkjdkkjfdadfa,91CX100GU8032102708GX20,kjdskjdjkfa,lkdfsjlsadslads,afdslafdjafsa,1,91CX100GU8032102708GX20,Purchased
oiuiujjhdsfaf,adsfadsfadsfa,kjkjdkkjfdadfa,91CX100GU8032102709GX20,kjdskjdjkfa,lkdfsjlsadslads,afdslafdjafsa,1,91CX100GU8032102709GX20,Purchased
oiuiujjhdsfaf,adsfadsfadsfa,kjkjdkkjfdadfa,91CX100GU8032102710GX20,kjdskjdjkfa,lkdfsjlsadslads,afdslafdjafsa,1,91CX100GU8032102710GX20,Purchased
oiuiujjhdsfaf,adsfadsfadsfa,kjkjdkkjfdadfa,91CX100GU8032102711GX20,kjdskjdjkfa,lkdfsjlsadslads,afdslafdjafsa,1,91CX100GU8032102711GX20,Purchased
oiuiujjhdsfaf,adsfadsfadsfa,kjkjdkkjfdadfa,91CX100GU8032102712GX20,kjdskjdjkfa,lkdfsjlsadslads,afdslafdjafsa,1,91CX100GU8032102712GX20,Purchased
oiuiujjhdsfaf,adsfadsfadsfa,kjkjdkkjfdadfa,91CX100GU8032102713GX20,kjdskjdjkfa,lkdfsjlsadslads,afdslafdjafsa,1,91CX100GU8032102713GX20,Purchased
oiuiujjhdsfaf,adsfadsfadsfa,kjkjdkkjfdadfa,91CX100GU8032102714GX20,kjdskjdjkfa,lkdfsjlsadslads,afdslafdjafsa,1,91CX100GU8032102714GX20,Purchased
oiuiujjhdsfaf,adsfadsfadsfa,kjkjdkkjfdadfa,91CX100GU8032102715GX20,kjdskjdjkfa,lkdfsjlsadslads,afdslafdjafsa,1,91CX100GU8032102715GX20,Purchased
oiuiujjhdsfaf,adsfadsfadsfa,kjkjdkkjfdadfa,91CX100GU8032102716GX20,kjdskjdjkfa,lkdfsjlsadslads,afdslafdjafsa,1,91CX100GU8032102716GX20,Purchased
oiuiujjhdsfaf,adsfadsfadsfa,kjkjdkkjfdadfa,91CX100GU8032102717GX20,kjdskjdjkfa,lkdfsjlsadslads,afdslafdjafsa,1,91CX100GU8032102717GX20,Purchased
oiuiujjhdsfaf,adsfadsfadsfa,kjkjdkkjfdadfa,91CX100GU8032102718GX20,kjdskjdjkfa,lkdfsjlsadslads,afdslafdjafsa,1,91CX100GU8032102718GX20,Purchased
oiuiujjhdsfaf,adsfadsfadsfa,kjkjdkkjfdadfa,91CX100GU8032102719GX20,kjdskjdjkfa,lkdfsjlsadslads,afdslafdjafsa,1,91CX100GU8032102719GX20,Purchased
oiuiujjhdsfaf,adsfadsfadsfa,kjkjdkkjfdadfa,91CX100GU8032102720GX20,kjdskjdjkfa,lkdfsjlsadslads,afdslafdjafsa,1,91CX100GU8032102720GX20,Purchased
oiuiujjhdsfaf,adsfadsfadsfa,kjkjdkkjfdadfa,91CX100GU8032102721GX20,kjdskjdjkfa,lkdfsjlsadslads,afdslafdjafsa,1,91CX100GU8032102721GX20,Purchased
oiuiujjhdsfaf,adsfadsfadsfa,kjkjdkkjfdadfa,91CX100GU8032102722GX20,kjdskjdjkfa,lkdfsjlsadslads,afdslafdjafsa,1,91CX100GU8032102722GX20,Purchased
oiuiujjhdsfaf,adsfadsfadsfa,kjkjdkkjfdadfa,91CX100GU8032102723GX20,kjdskjdjkfa,lkdfsjlsadslads,afdslafdjafsa,1,91CX100GU8032102723GX20,Purchased
oiuiujjhdsfaf,adsfadsfadsfa,kjkjdkkjfdadfa,91CX100GU8032102724GX20,kjdskjdjkfa,lkdfsjlsadslads,afdslafdjafsa,1,91CX100GU8032102724GX20,Purchased
oiuiujjhdsfaf,adsfadsfadsfa,kjkjdkkjfdadfa,91CX100GU8032102725GX20,kjdskjdjkfa,lkdfsjlsadslads,afdslafdjafsa,1,91CX100GU8032102725GX20,Purchased
oiuiujjhdsfaf,adsfadsfadsfa,kjkjdkkjfdadfa,91CX100GU8032102726GX20,kjdskjdjkfa,lkdfsjlsadslads,afdslafdjafsa,1,91CX100GU8032102726GX20,Purchased
oiuiujjhdsfaf,adsfadsfadsfa,kjkjdkkjfdadfa,91CX100GU8032102727GX20,kjdskjdjkfa,lkdfsjlsadslads,afdslafdjafsa,1,91CX100GU8032102727GX20,Purchased
oiuiujjhdsfaf,adsfadsfadsfa,kjkjdkkjfdadfa,91CX100GU8032102728GX20,kjdskjdjkfa,lkdfsjlsadslads,afdslafdjafsa,1,91CX100GU8032102728GX20,Purchased
oiuiujjhdsfaf,adsfadsfadsfa,kjkjdkkjfdadfa,91CX100GU8032102729GX20,kjdskjdjkfa,lkdfsjlsadslads,afdslafdjafsa,1,91CX100GU8032102729GX20,Purchased
oiuiujjhdsfaf,adsfadsfadsfa,kjkjdkkjfdadfa,91CX100GU8032102730GX20,kjdskjdjkfa,lkdfsjlsadslads,afdslafdjafsa,1,91CX100GU8032102730GX20,Purchased
oiuiujjhdsfaf,adsfadsfadsfa,kjkjdkkjfdadfa,91CX100GU8032102731GX20,kjdskjdjkfa,lkdfsjlsadslads,afdslafdjafsa,1,91CX100GU8032102731GX20,Purchased
oiuiujjhdsfaf,adsfadsfadsfa,kjkjdkkjfdadfa,91CX100GU8032102732GX20,kjdskjdjkfa,lkdfsjlsadslads,afdslafdjafsa,1,91CX100GU8032102732GX20,Purchased
oiuiujjhdsfaf,adsfadsfadsfa,kjkjdkkjfdadfa,91CX100GU8032102733GX20,kjdskjdjkfa,lkdfsjlsadslads,afdslafdjafsa,1,91CX100GU8032102733GX20,Purchased
oiuiujjhdsfaf,adsfadsfadsfa,kjkjdkkjfdadfa,91CX100GU8032102734GX20,kjdskjdjkfa,lkdfsjlsadslads,afdslafdjafsa,1,91CX100GU8032102734GX20,Purchased
oiuiujjhdsfaf,adsfadsfadsfa,kjkjdkkjfdadfa,91CX100GU8032102735GX20,kjdskjdjkfa,lkdfsjlsadslads,afdslafdjafsa,1,91CX100GU8032102735GX20,Purchased
oiuiujjhdsfaf,adsfadsfadsfa,kjkjdkkjfdadfa,91CX100GU8032102736GX20,kjdskjdjkfa,lkdfsjlsadslads,afdslafdjafsa,1,91CX100GU8032102736GX20,Purchased
oiuiujjhdsfaf,adsfadsfadsfa,kjkjdkkjfdadfa,91CX100GU8032102737GX20,kjdskjdjkfa,lkdfsjlsadslads,afdslafdjafsa,1,91CX100GU8032102737GX20,Purchased
oiuiujjhdsfaf,adsfadsfadsfa,kjkjdkkjfdadfa,91CX100GU8032102738GX20,kjdskjdjkfa,lkdfsjlsadslads,afdslafdjafsa,1,91CX100GU8032102738GX20,Purchased
oiuiujjhdsfaf,adsfadsfadsfa,kjkjdkkjfdadfa,91CX100GU8032102739GX20,kjdskjdjkfa,lkdfsjlsadslads,afdslafdjafsa,1,91CX100GU8032102739GX20,Purchased
oiuiujjhdsfaf,adsfadsfadsfa,kjkjdkkjfdadfa,91CX100GU8032102740GX20,kjdskjdjkfa,lkdfsjlsadslads,afdslafdjafsa,1,91CX100GU8032102740GX20,Purchased
oiuiujjhdsfaf,adsfadsfadsfa,kjkjdkkjfdadfa,91CX100GU8032102741GX20,kjdskjdjkfa,lkdfsjlsadslads,afdslafdjafsa,1,91CX100GU8032102741GX20,Purchased
oiuiujjhdsfaf,adsfadsfadsfa,kjkjdkkjfdadfa,91CX100GU8032102742GX20,kjdskjdjkfa,lkdfsjlsadslads,afdslafdjafsa,1,91CX100GU8032102742GX20,Purchased
oiuiujjhdsfaf,adsfadsfadsfa,kjkjdkkjfdadfa,91CX100GU8032102743GX20,kjdskjdjkfa,lkdfsjlsadslads,afdslafdjafsa,1,91CX100GU8032102743GX20,Purchased
oiuiujjhdsfaf,adsfadsfadsfa,kjkjdkkjfdadfa,91CX100GU8032102744GX20,kjdskjdjkfa,lkdfsjlsadslads,afdslafdjafsa,1,91CX100GU8032102744GX20,Purchased
oiuiujjhdsfaf,adsfadsfadsfa,kjkjdkkjfdadfa,91CX100GU8032102745GX20,kjdskjdjkfa,lkdfsjlsadslads,afdslafdjafsa,1,91CX100GU8032102745GX20,Purchased
oiuiujjhdsfaf,adsfadsfadsfa,kjkjdkkjfdadfa,91CX100GU8032102746GX20,kjdskjdjkfa,lkdfsjlsadslads,afdslafdjafsa,1,91CX100GU8032102746GX20,Purchased
oiuiujjhdsfaf,adsfadsfadsfa,kjkjdkkjfdadfa,91CX100GU8032102747GX20,kjdskjdjkfa,lkdfsjlsadslads,afdslafdjafsa,1,91CX100GU8032102747GX20,Purchased
oiuiujjhdsfaf,adsfadsfadsfa,kjkjdkkjfdadfa,91CX100GU8032102748GX20,kjdskjdjkfa,lkdfsjlsadslads,afdslafdjafsa,1,91CX100GU8032102748GX20,Purchased
oiuiujjhdsfaf,adsfadsfadsfa,kjkjdkkjfdadfa,91CX100GU8032102749GX20,kjdskjdjkfa,lkdfsjlsadslads,afdslafdjafsa,1,91CX100GU8032102749GX20,Purchased
oiuiujjhdsfaf,adsfadsfadsfa,kjkjdkkjfdadfa,91CX100GU8032102750GX20,kjdskjdjkfa,lkdfsjlsadslads,afdslafdjafsa,1,91CX100GU8032102750GX20,Purchased
oiuiujjhdsfaf,adsfadsfadsfa,kjkjdkkjfdadfa,91CX100GU8032102751GX20,kjdskjdjkfa,lkdfsjlsadslads,afdslafdjafsa,1,91CX100GU8032102751GX20,Purchased
oiuiujjhdsfaf,adsfadsfadsfa,kjkjdkkjfdadfa,91CX100GU8032102752GX20,kjdskjdjkfa,lkdfsjlsadslads,afdslafdjafsa,1,91CX100GU8032102752GX20,Purchased
oiuiujjhdsfaf,adsfadsfadsfa,kjkjdkkjfdadfa,91CX100GU8032102753GX20,kjdskjdjkfa,lkdfsjlsadslads,afdslafdjafsa,1,91CX100GU8032102753GX20,Purchased
oiuiujjhdsfaf,adsfadsfadsfa,kjkjdkkjfdadfa,91CX100GU8032102754GX20,kjdskjdjkfa,lkdfsjlsadslads,afdslafdjafsa,1,91CX100GU8032102754GX20,Purchased
oiuiujjhdsfaf,adsfadsfadsfa,kjkjdkkjfdadfa,91CX100GU8032102755GX20,kjdskjdjkfa,lkdfsjlsadslads,afdslafdjafsa,1,91CX100GU8032102755GX20,Purchased
oiuiujjhdsfaf,adsfadsfadsfa,kjkjdkkjfdadfa,91CX100GU8032102756GX20,kjdskjdjkfa,lkdfsjlsadslads,afdslafdjafsa,1,91CX100GU8032102756GX20,Purchased
oiuiujjhdsfaf,adsfadsfadsfa,kjkjdkkjfdadfa,91CX100GU8032102757GX20,kjdskjdjkfa,lkdfsjlsadslads,afdslafdjafsa,1,91CX100GU8032102757GX20,Purchased
oiuiujjhdsfaf,adsfadsfadsfa,kjkjdkkjfdadfa,91CX100GU8032102758GX20,kjdskjdjkfa,lkdfsjlsadslads,afdslafdjafsa,1,91CX100GU8032102758GX20,Purchased
oiuiujjhdsfaf,adsfadsfadsfa,kjkjdkkjfdadfa,91CX100GU8032102759GX20,kjdskjdjkfa,lkdfsjlsadslads,afdslafdjafsa,1,91CX100GU8032102759GX20,Purchased
oiuiujjhdsfaf,adsfadsfadsfa,kjkjdkkjfdadfa,91CX100GU8032102760GX20,kjdskjdjkfa,lkdfsjlsadslads,afdslafdjafsa,1,91CX100GU8032102760GX20,Purchased
oiuiujjhdsfaf,adsfadsfadsfa,kjkjdkkjfdadfa,91CX100GU8032102761GX20,kjdskjdjkfa,lkdfsjlsadslads,afdslafdjafsa,1,91CX100GU8032102761GX20,Purchased
oiuiujjhdsfaf,adsfadsfadsfa,kjkjdkkjfdadfa,91CX100GU8032102762GX20,kjdskjdjkfa,lkdfsjlsadslads,afdslafdjafsa,1,91CX100GU8032102762GX20,Purchased
oiuiujjhdsfaf,adsfadsfadsfa,kjkjdkkjfdadfa,91CX100GU8032102763GX20,kjdskjdjkfa,lkdfsjlsadslads,afdslafdjafsa,1,91CX100GU8032102763GX20,Purchased
oiuiujjhdsfaf,adsfadsfadsfa,kjkjdkkjfdadfa,91CX100GU8032102764GX20,kjdskjdjkfa,lkdfsjlsadslads,afdslafdjafsa,1,91CX100GU8032102764GX20,Purchased
oiuiujjhdsfaf,adsfadsfadsfa,kjkjdkkjfdadfa,91CX100GU8032102765GX20,kjdskjdjkfa,lkdfsjlsadslads,afdslafdjafsa,1,91CX100GU8032102765GX20,Purchased
oiuiujjhdsfaf,adsfadsfadsfa,kjkjdkkjfdadfa,91CX100GU8032102766GX20,kjdskjdjkfa,lkdfsjlsadslads,afdslafdjafsa,1,91CX100GU8032102766GX20,Purchased
oiuiujjhdsfaf,adsfadsfadsfa,kjkjdkkjfdadfa,91CX100GU8032102767GX20,kjdskjdjkfa,lkdfsjlsadslads,afdslafdjafsa,1,91CX100GU8032102767GX20,Purchased
oiuiujjhdsfaf,adsfadsfadsfa,kjkjdkkjfdadfa,91CX100GU8032102768GX20,kjdskjdjkfa,lkdfsjlsadslads,afdslafdjafsa,1,91CX100GU8032102768GX20,Purchased
oiuiujjhdsfaf,adsfadsfadsfa,kjkjdkkjfdadfa,91CX100GU8032102769GX20,kjdskjdjkfa,lkdfsjlsadslads,afdslafdjafsa,1,91CX100GU8032102769GX20,Purchased
oiuiujjhdsfaf,adsfadsfadsfa,kjkjdkkjfdadfa,91CX100GU8032102770GX20,kjdskjdjkfa,lkdfsjlsadslads,afdslafdjafsa,1,91CX100GU8032102770GX20,Purchased
oiuiujjhdsfaf,adsfadsfadsfa,kjkjdkkjfdadfa,91CX100GU8032102771GX20,kjdskjdjkfa,lkdfsjlsadslads,afdslafdjafsa,1,91CX100GU8032102771GX20,Purchased
oiuiujjhdsfaf,adsfadsfadsfa,kjkjdkkjfdadfa,91CX100GU8032102772GX20,kjdskjdjkfa,lkdfsjlsadslads,afdslafdjafsa,1,91CX100GU8032102772GX20,Purchased
oiuiujjhdsfaf,adsfadsfadsfa,kjkjdkkjfdadfa,91CX100GU8032102773GX20,kjdskjdjkfa,lkdfsjlsadslads,afdslafdjafsa,1,91CX100GU8032102773GX20,Purchased
oiuiujjhdsfaf,adsfadsfadsfa,kjkjdkkjfdadfa,91CX100GU8032102774GX20,kjdskjdjkfa,lkdfsjlsadslads,afdslafdjafsa,1,91CX100GU8032102774GX20,Purchased
oiuiujjhdsfaf,adsfadsfadsfa,kjkjdkkjfdadfa,91CX100GU8032102775GX20,kjdskjdjkfa,lkdfsjlsadslads,afdslafdjafsa,1,91CX100GU8032102775GX20,Purchased
oiuiujjhdsfaf,adsfadsfadsfa,kjkjdkkjfdadfa,91CX100GU8032102776GX20,kjdskjdjkfa,lkdfsjlsadslads,afdslafdjafsa,1,91CX100GU8032102776GX20,Purchased
oiuiujjhdsfaf,adsfadsfadsfa,kjkjdkkjfdadfa,91CX100GU8032102777GX20,kjdskjdjkfa,lkdfsjlsadslads,afdslafdjafsa,1,91CX100GU8032102777GX20,Purchased
oiuiujjhdsfaf,adsfadsfadsfa,kjkjdkkjfdadfa,91CX100GU8032102778GX20,kjdskjdjkfa,lkdfsjlsadslads,afdslafdjafsa,1,91CX100GU8032102778GX20,Purchased
oiuiujjhdsfaf,adsfadsfadsfa,kjkjdkkjfdadfa,91CX100GU8032102779GX20,kjdskjdjkfa,lkdfsjlsadslads,afdslafdjafsa,1,91CX100GU8032102779GX20,Purchased
oiuiujjhdsfaf,adsfadsfadsfa,kjkjdkkjfdadfa,91CX100GU8032102780GX20,kjdskjdjkfa,lkdfsjlsadslads,afdslafdjafsa,1,91CX100GU8032102780GX20,Purchased
oiuiujjhdsfaf,adsfadsfadsfa,kjkjdkkjfdadfa,91CX100GU8032102781GX20,kjdskjdjkfa,lkdfsjlsadslads,afdslafdjafsa,1,91CX100GU8032102781GX20,Purchased
oiuiujjhdsfaf,adsfadsfadsfa,kjkjdkkjfdadfa,91CX100GU8032102782GX20,kjdskjdjkfa,lkdfsjlsadslads,afdslafdjafsa,1,91CX100GU8032102782GX20,Purchased
oiuiujjhdsfaf,adsfadsfadsfa,kjkjdkkjfdadfa,91CX100GU8032102783GX20,kjdskjdjkfa,lkdfsjlsadslads,afdslafdjafsa,1,91CX100GU8032102783GX20,Purchased
oiuiujjhdsfaf,adsfadsfadsfa,kjkjdkkjfdadfa,91CX100GU8032102784GX20,kjdskjdjkfa,lkdfsjlsadslads,afdslafdjafsa,1,91CX100GU8032102784GX20,Purchased
oiuiujjhdsfaf,adsfadsfadsfa,kjkjdkkjfdadfa,91CX100GU8032102785GX20,kjdskjdjkfa,lkdfsjlsadslads,afdslafdjafsa,1,91CX100GU8032102785GX20,Purchased
oiuiujjhdsfaf,adsfadsfadsfa,kjkjdkkjfdadfa,91CX100GU8032102786GX20,kjdskjdjkfa,lkdfsjlsadslads,afdslafdjafsa,1,91CX100GU8032102786GX20,Purchased
oiuiujjhdsfaf,adsfadsfadsfa,kjkjdkkjfdadfa,91CX100GU8032102787GX20,kjdskjdjkfa,lkdfsjlsadslads,afdslafdjafsa,1,91CX100GU8032102787GX20,Purchased
oiuiujjhdsfaf,adsfadsfadsfa,kjkjdkkjfdadfa,91CX100GU8032102788GX20,kjdskjdjkfa,lkdfsjlsadslads,afdslafdjafsa,1,91CX100GU8032102788GX20,Purchased
oiuiujjhdsfaf,adsfadsfadsfa,kjkjdkkjfdadfa,91CX100GU8032102789GX20,kjdskjdjkfa,lkdfsjlsadslads,afdslafdjafsa,1,91CX100GU8032102789GX20,Purchased
oiuiujjhdsfaf,adsfadsfadsfa,kjkjdkkjfdadfa,91CX100GU8032102790GX20,kjdskjdjkfa,lkdfsjlsadslads,afdslafdjafsa,1,91CX100GU8032102790GX20,Purchased
oiuiujjhdsfaf,adsfadsfadsfa,kjkjdkkjfdadfa,91CX100GU8032102791GX20,kjdskjdjkfa,lkdfsjlsadslads,afdslafdjafsa,1,91CX100GU8032102791GX20,Purchased
oiuiujjhdsfaf,adsfadsfadsfa,kjkjdkkjfdadfa,91CX100GU8032102792GX20,kjdskjdjkfa,lkdfsjlsadslads,afdslafdjafsa,1,91CX100GU8032102792GX20,Purchased
oiuiujjhdsfaf,adsfadsfadsfa,kjkjdkkjfdadfa,91CX100GU8032102793GX20,kjdskjdjkfa,lkdfsjlsadslads,afdslafdjafsa,1,91CX100GU8032102793GX20,Purchased
oiuiujjhdsfaf,adsfadsfadsfa,kjkjdkkjfdadfa,91CX100GU8032102794GX20,kjdskjdjkfa,lkdfsjlsadslads,afdslafdjafsa,1,91CX100GU8032102794GX20,Purchased
oiuiujjhdsfaf,adsfadsfadsfa,kjkjdkkjfdadfa,91CX100GU8032102795GX20,kjdskjdjkfa,lkdfsjlsadslads,afdslafdjafsa,1,91CX100GU8032102795GX20,Purchased
oiuiujjhdsfaf,adsfadsfadsfa,kjkjdkkjfdadfa,91CX100GU8032102796GX20,kjdskjdjkfa,lkdfsjlsadslads,afdslafdjafsa,1,91CX100GU8032102796GX20,Purchased
oiuiujjhdsfaf,adsfadsfadsfa,kjkjdkkjfdadfa,91CX100GU8032102797GX20,kjdskjdjkfa,lkdfsjlsadslads,afdslafdjafsa,1,91CX100GU8032102797GX20,Purchased
oiuiujjhdsfaf,adsfadsfadsfa,kjkjdkkjfdadfa,91CX100GU8032102798GX20,kjdskjdjkfa,lkdfsjlsadslads,afdslafdjafsa,1,91CX100GU8032102798GX20,Purchased
oiuiujjhdsfaf,adsfadsfadsfa,kjkjdkkjfdadfa,91CX100GU8032102799GX20,kjdskjdjkfa,lkdfsjlsadslads,afdslafdjafsa,1,91CX100GU8032102799GX20,Purchased
oiuiujjhdsfaf,adsfadsfadsfa,kjkjdkkjfdadfa,91CX100GU8032102800GX20,kjdskjdjkfa,lkdfsjlsadslads,afdslafdjafsa,1,91CX100GU8032102800GX20,Purchased
oiuiujjhdsfaf,adsfadsfadsfa,kjkjdkkjfdadfa,91CX100GU8032102801GX20,kjdskjdjkfa,lkdfsjlsadslads,afdslafdjafsa,1,91CX100GU8032102801GX20,Purchased
oiuiujjhdsfaf,adsfadsfadsfa,kjkjdkkjfdadfa,91CX100GU8032102802GX20,kjdskjdjkfa,lkdfsjlsadslads,afdslafdjafsa,1,91CX100GU8032102802GX20,Purchased
oiuiujjhdsfaf,adsfadsfadsfa,kjkjdkkjfdadfa,91CX100GU8032102803GX20,kjdskjdjkfa,lkdfsjlsadslads,afdslafdjafsa,1,91CX100GU8032102803GX20,Purchased
oiuiujjhdsfaf,adsfadsfadsfa,kjkjdkkjfdadfa,91CX100GU8032102804GX20,kjdskjdjkfa,lkdfsjlsadslads,afdslafdjafsa,1,91CX100GU8032102804GX20,Purchased
oiuiujjhdsfaf,adsfadsfadsfa,kjkjdkkjfdadfa,91CX100GU8032102805GX20,kjdskjdjkfa,lkdfsjlsadslads,afdslafdjafsa,1,91CX100GU8032102805GX20,Purchased
oiuiujjhdsfaf,adsfadsfadsfa,kjkjdkkjfdadfa,91CX100GU8032102806GX20,kjdskjdjkfa,lkdfsjlsadslads,afdslafdjafsa,1,91CX100GU8032102806GX20,Purchased
oiuiujjhdsfaf,adsfadsfadsfa,kjkjdkkjfdadfa,91CX100GU8032102807GX20,kjdskjdjkfa,lkdfsjlsadslads,afdslafdjafsa,1,91CX100GU8032102807GX20,Purchased
oiuiujjhdsfaf,adsfadsfadsfa,kjkjdkkjfdadfa,91CX100GU8032102808GX20,kjdskjdjkfa,lkdfsjlsadslads,afdslafdjafsa,1,91CX100GU8032102808GX20,Purchased
oiuiujjhdsfaf,adsfadsfadsfa,kjkjdkkjfdadfa,91CX100GU8032102809GX20,kjdskjdjkfa,lkdfsjlsadslads,afdslafdjafsa,1,91CX100GU8032102809GX20,Purchased
oiuiujjhdsfaf,adsfadsfadsfa,kjkjdkkjfdadfa,91CX100GU8032102810GX20,kjdskjdjkfa,lkdfsjlsadslads,afdslafdjafsa,1,91CX100GU8032102810GX20,Purchased
oiuiujjhdsfaf,adsfadsfadsfa,kjkjdkkjfdadfa,91CX100GU8032102811GX20,kjdskjdjkfa,lkdfsjlsadslads,afdslafdjafsa,1,91CX100GU8032102811GX20,Purchased
oiuiujjhdsfaf,adsfadsfadsfa,kjkjdkkjfdadfa,91CX100GU8032102812GX20,kjdskjdjkfa,lkdfsjlsadslads,afdslafdjafsa,1,91CX100GU8032102812GX20,Purchased
oiuiujjhdsfaf,adsfadsfadsfa,kjkjdkkjfdadfa,91CX100GU8032102813GX20,kjdskjdjkfa,lkdfsjlsadslads,afdslafdjafsa,1,91CX100GU8032102813GX20,Purchased
oiuiujjhdsfaf,adsfadsfadsfa,kjkjdkkjfdadfa,91CX100GU8032102814GX20,kjdskjdjkfa,lkdfsjlsadslads,afdslafdjafsa,1,91CX100GU8032102814GX20,Purchased
oiuiujjhdsfaf,adsfadsfadsfa,kjkjdkkjfdadfa,91CX100GU8032102815GX20,kjdskjdjkfa,lkdfsjlsadslads,afdslafdjafsa,1,91CX100GU8032102815GX20,Purchased
oiuiujjhdsfaf,adsfadsfadsfa,kjkjdkkjfdadfa,91CX100GU8032102816GX20,kjdskjdjkfa,lkdfsjlsadslads,afdslafdjafsa,1,91CX100GU8032102816GX20,Purchased
oiuiujjhdsfaf,adsfadsfadsfa,kjkjdkkjfdadfa,91CX100GU8032102817GX20,kjdskjdjkfa,lkdfsjlsadslads,afdslafdjafsa,1,91CX100GU8032102817GX20,Purchased
oiuiujjhdsfaf,adsfadsfadsfa,kjkjdkkjfdadfa,91CX100GU8032102818GX20,kjdskjdjkfa,lkdfsjlsadslads,afdslafdjafsa,1,91CX100GU8032102818GX20,Purchased
oiuiujjhdsfaf,adsfadsfadsfa,kjkjdkkjfdadfa,91CX100GU8032102819GX20,kjdskjdjkfa,lkdfsjlsadslads,afdslafdjafsa,1,91CX100GU8032102819GX20,Purchased
oiuiujjhdsfaf,adsfadsfadsfa,kjkjdkkjfdadfa,91CX100GU8032102820GX20,kjdskjdjkfa,lkdfsjlsadslads,afdslafdjafsa,1,91CX100GU8032102820GX20,Purchased
oiuiujjhdsfaf,adsfadsfadsfa,kjkjdkkjfdadfa,91CX100GU8032102821GX20,kjdskjdjkfa,lkdfsjlsadslads,afdslafdjafsa,1,91CX100GU8032102821GX20,Purchased
oiuiujjhdsfaf,adsfadsfadsfa,kjkjdkkjfdadfa,91CX100GU8032102822GX20,kjdskjdjkfa,lkdfsjlsadslads,afdslafdjafsa,1,91CX100GU8032102822GX20,Purchased
oiuiujjhdsfaf,adsfadsfadsfa,kjkjdkkjfdadfa,91CX100GU8032102823GX20,kjdskjdjkfa,lkdfsjlsadslads,afdslafdjafsa,1,91CX100GU8032102823GX20,Purchased
oiuiujjhdsfaf,adsfadsfadsfa,kjkjdkkjfdadfa,91CX100GU8032102824GX20,kjdskjdjkfa,lkdfsjlsadslads,afdslafdjafsa,1,91CX100GU8032102824GX20,Purchased
oiuiujjhdsfaf,adsfadsfadsfa,kjkjdkkjfdadfa,91CX100GU8032102825GX20,kjdskjdjkfa,lkdfsjlsadslads,afdslafdjafsa,1,91CX100GU8032102825GX20,Purchased
oiuiujjhdsfaf,adsfadsfadsfa,kjkjdkkjfdadfa,91CX100GU8032102826GX20,kjdskjdjkfa,lkdfsjlsadslads,afdslafdjafsa,1,91CX100GU8032102826GX20,Purchased
oiuiujjhdsfaf,adsfadsfadsfa,kjkjdkkjfdadfa,91CX100GU8032102827GX20,kjdskjdjkfa,lkdfsjlsadslads,afdslafdjafsa,1,91CX100GU8032102827GX20,Purchased
oiuiujjhdsfaf,adsfadsfadsfa,kjkjdkkjfdadfa,91CX100GU8032102828GX20,kjdskjdjkfa,lkdfsjlsadslads,afdslafdjafsa,1,91CX100GU8032102828GX20,Purchased
oiuiujjhdsfaf,adsfadsfadsfa,kjkjdkkjfdadfa,91CX100GU8032102829GX20,kjdskjdjkfa,lkdfsjlsadslads,afdslafdjafsa,1,91CX100GU8032102829GX20,Purchased
oiuiujjhdsfaf,adsfadsfadsfa,kjkjdkkjfdadfa,91CX100GU8032102830GX20,kjdskjdjkfa,lkdfsjlsadslads,afdslafdjafsa,1,91CX100GU8032102830GX20,Purchased
oiuiujjhdsfaf,adsfadsfadsfa,kjkjdkkjfdadfa,91CX100GU8032102831GX20,kjdskjdjkfa,lkdfsjlsadslads,afdslafdjafsa,1,91CX100GU8032102831GX20,Purchased
oiuiujjhdsfaf,adsfadsfadsfa,kjkjdkkjfdadfa,91CX100GU8032102832GX20,kjdskjdjkfa,lkdfsjlsadslads,afdslafdjafsa,1,91CX100GU8032102832GX20,Purchased
oiuiujjhdsfaf,adsfadsfadsfa,kjkjdkkjfdadfa,91CX100GU8032102833GX20,kjdskjdjkfa,lkdfsjlsadslads,afdslafdjafsa,1,91CX100GU8032102833GX20,Purchased
oiuiujjhdsfaf,adsfadsfadsfa,kjkjdkkjfdadfa,91CX100GU8032102834GX20,kjdskjdjkfa,lkdfsjlsadslads,afdslafdjafsa,1,91CX100GU8032102834GX20,Purchased
oiuiujjhdsfaf,adsfadsfadsfa,kjkjdkkjfdadfa,91CX100GU8032102835GX20,kjdskjdjkfa,lkdfsjlsadslads,afdslafdjafsa,1,91CX100GU8032102835GX20,Purchased
oiuiujjhdsfaf,adsfadsfadsfa,kjkjdkkjfdadfa,91CX100GU8032102836GX20,kjdskjdjkfa,lkdfsjlsadslads,afdslafdjafsa,1,91CX100GU8032102836GX20,Purchased
oiuiujjhdsfaf,adsfadsfadsfa,kjkjdkkjfdadfa,91CX100GU8032102837GX20,kjdskjdjkfa,lkdfsjlsadslads,afdslafdjafsa,1,91CX100GU8032102837GX20,Purchased
oiuiujjhdsfaf,adsfadsfadsfa,kjkjdkkjfdadfa,91CX100GU8032102838GX20,kjdskjdjkfa,lkdfsjlsadslads,afdslafdjafsa,1,91CX100GU8032102838GX20,Purchased
oiuiujjhdsfaf,adsfadsfadsfa,kjkjdkkjfdadfa,91CX100GU8032102839GX20,kjdskjdjkfa,lkdfsjlsadslads,afdslafdjafsa,1,91CX100GU8032102839GX20,Purchased
oiuiujjhdsfaf,adsfadsfadsfa,kjkjdkkjfdadfa,91CX100GU8032102840GX20,kjdskjdjkfa,lkdfsjlsadslads,afdslafdjafsa,1,91CX100GU8032102840GX20,Purchased
oiuiujjhdsfaf,adsfadsfadsfa,kjkjdkkjfdadfa,91CX100GU8032102841GX20,kjdskjdjkfa,lkdfsjlsadslads,afdslafdjafsa,1,91CX100GU8032102841GX20,Purchased
oiuiujjhdsfaf,adsfadsfadsfa,kjkjdkkjfdadfa,91CX100GU8032102842GX20,kjdskjdjkfa,lkdfsjlsadslads,afdslafdjafsa,1,91CX100GU8032102842GX20,Purchased
oiuiujjhdsfaf,adsfadsfadsfa,kjkjdkkjfdadfa,91CX100GU8032102843GX20,kjdskjdjkfa,lkdfsjlsadslads,afdslafdjafsa,1,91CX100GU8032102843GX20,Purchased
oiuiujjhdsfaf,adsfadsfadsfa,kjkjdkkjfdadfa,91CX100GU8032102844GX20,kjdskjdjkfa,lkdfsjlsadslads,afdslafdjafsa,1,91CX100GU8032102844GX20,Purchased
oiuiujjhdsfaf,adsfadsfadsfa,kjkjdkkjfdadfa,91CX100GU8032102845GX20,kjdskjdjkfa,lkdfsjlsadslads,afdslafdjafsa,1,91CX100GU8032102845GX20,Purchased
oiuiujjhdsfaf,adsfadsfadsfa,kjkjdkkjfdadfa,91CX100GU8032102846GX20,kjdskjdjkfa,lkdfsjlsadslads,afdslafdjafsa,1,91CX100GU8032102846GX20,Purchased
oiuiujjhdsfaf,adsfadsfadsfa,kjkjdkkjfdadfa,91CX100GU8032102847GX20,kjdskjdjkfa,lkdfsjlsadslads,afdslafdjafsa,1,91CX100GU8032102847GX20,Purchased
oiuiujjhdsfaf,adsfadsfadsfa,kjkjdkkjfdadfa,91CX100GU8032102848GX20,kjdskjdjkfa,lkdfsjlsadslads,afdslafdjafsa,1,91CX100GU8032102848GX20,Purchased
oiuiujjhdsfaf,adsfadsfadsfa,kjkjdkkjfdadfa,91CX100GU8032102849GX20,kjdskjdjkfa,lkdfsjlsadslads,afdslafdjafsa,1,91CX100GU8032102849GX20,Purchased
oiuiujjhdsfaf,adsfadsfadsfa,kjkjdkkjfdadfa,91CX100GU8032102850GX20,kjdskjdjkfa,lkdfsjlsadslads,afdslafdjafsa,1,91CX100GU8032102850GX20,Purchased
oiuiujjhdsfaf,adsfadsfadsfa,kjkjdkkjfdadfa,91CX100GU8032102851GX20,kjdskjdjkfa,lkdfsjlsadslads,afdslafdjafsa,1,91CX100GU8032102851GX20,Purchased
oiuiujjhdsfaf,adsfadsfadsfa,kjkjdkkjfdadfa,91CX100GU8032102852GX20,kjdskjdjkfa,lkdfsjlsadslads,afdslafdjafsa,1,91CX100GU8032102852GX20,Purchased
oiuiujjhdsfaf,adsfadsfadsfa,kjkjdkkjfdadfa,91CX100GU8032102853GX20,kjdskjdjkfa,lkdfsjlsadslads,afdslafdjafsa,1,91CX100GU8032102853GX20,Purchased
oiuiujjhdsfaf,adsfadsfadsfa,kjkjdkkjfdadfa,91CX100GU8032102854GX20,kjdskjdjkfa,lkdfsjlsadslads,afdslafdjafsa,1,91CX100GU8032102854GX20,Purchased
oiuiujjhdsfaf,adsfadsfadsfa,kjkjdkkjfdadfa,91CX100GU8032102855GX20,kjdskjdjkfa,lkdfsjlsadslads,afdslafdjafsa,1,91CX100GU8032102855GX20,Purchased
oiuiujjhdsfaf,adsfadsfadsfa,kjkjdkkjfdadfa,91CX100GU8032102856GX20,kjdskjdjkfa,lkdfsjlsadslads,afdslafdjafsa,1,91CX100GU8032102856GX20,Purchased
oiuiujjhdsfaf,adsfadsfadsfa,kjkjdkkjfdadfa,91CX100GU8032102857GX20,kjdskjdjkfa,lkdfsjlsadslads,afdslafdjafsa,1,91CX100GU8032102857GX20,Purchased
oiuiujjhdsfaf,adsfadsfadsfa,kjkjdkkjfdadfa,91CX100GU8032102858GX20,kjdskjdjkfa,lkdfsjlsadslads,afdslafdjafsa,1,91CX100GU8032102858GX20,Purchased
oiuiujjhdsfaf,adsfadsfadsfa,kjkjdkkjfdadfa,91CX100GU8032102859GX20,kjdskjdjkfa,lkdfsjlsadslads,afdslafdjafsa,1,91CX100GU8032102859GX20,Purchased
oiuiujjhdsfaf,adsfadsfadsfa,kjkjdkkjfdadfa,91CX100GU8032102860GX20,kjdskjdjkfa,lkdfsjlsadslads,afdslafdjafsa,1,91CX100GU8032102860GX20,Purchased
oiuiujjhdsfaf,adsfadsfadsfa,kjkjdkkjfdadfa,91CX100GU8032102861GX20,kjdskjdjkfa,lkdfsjlsadslads,afdslafdjafsa,1,91CX100GU8032102861GX20,Purchased
oiuiujjhdsfaf,adsfadsfadsfa,kjkjdkkjfdadfa,91CX100GU8032102862GX20,kjdskjdjkfa,lkdfsjlsadslads,afdslafdjafsa,1,91CX100GU8032102862GX20,Purchased
oiuiujjhdsfaf,adsfadsfadsfa,kjkjdkkjfdadfa,91CX100GU8032102863GX20,kjdskjdjkfa,lkdfsjlsadslads,afdslafdjafsa,1,91CX100GU8032102863GX20,Purchased
oiuiujjhdsfaf,adsfadsfadsfa,kjkjdkkjfdadfa,91CX100GU8032102864GX20,kjdskjdjkfa,lkdfsjlsadslads,afdslafdjafsa,1,91CX100GU8032102864GX20,Purchased
oiuiujjhdsfaf,adsfadsfadsfa,kjkjdkkjfdadfa,91CX100GU8032102865GX20,kjdskjdjkfa,lkdfsjlsadslads,afdslafdjafsa,1,91CX100GU8032102865GX20,Purchased
oiuiujjhdsfaf,adsfadsfadsfa,kjkjdkkjfdadfa,91CX100GU8032102866GX20,kjdskjdjkfa,lkdfsjlsadslads,afdslafdjafsa,1,91CX100GU8032102866GX20,Purchased
oiuiujjhdsfaf,adsfadsfadsfa,kjkjdkkjfdadfa,91CX100GU8032102867GX20,kjdskjdjkfa,lkdfsjlsadslads,afdslafdjafsa,1,91CX100GU8032102867GX20,Purchased
oiuiujjhdsfaf,adsfadsfadsfa,kjkjdkkjfdadfa,91CX100GU8032102868GX20,kjdskjdjkfa,lkdfsjlsadslads,afdslafdjafsa,1,91CX100GU8032102868GX20,Purchased
oiuiujjhdsfaf,adsfadsfadsfa,kjkjdkkjfdadfa,91CX100GU8032102869GX20,kjdskjdjkfa,lkdfsjlsadslads,afdslafdjafsa,1,91CX100GU8032102869GX20,Purchased
oiuiujjhdsfaf,adsfadsfadsfa,kjkjdkkjfdadfa,91CX100GU8032102870GX20,kjdskjdjkfa,lkdfsjlsadslads,afdslafdjafsa,1,91CX100GU8032102870GX20,Purchased
oiuiujjhdsfaf,adsfadsfadsfa,kjkjdkkjfdadfa,91CX100GU8032102871GX20,kjdskjdjkfa,lkdfsjlsadslads,afdslafdjafsa,1,91CX100GU8032102871GX20,Purchased
oiuiujjhdsfaf,adsfadsfadsfa,kjkjdkkjfdadfa,91CX100GU8032102872GX20,kjdskjdjkfa,lkdfsjlsadslads,afdslafdjafsa,1,91CX100GU8032102872GX20,Purchased
oiuiujjhdsfaf,adsfadsfadsfa,kjkjdkkjfdadfa,91CX100GU8032102873GX20,kjdskjdjkfa,lkdfsjlsadslads,afdslafdjafsa,1,91CX100GU8032102873GX20,Purchased
oiuiujjhdsfaf,adsfadsfadsfa,kjkjdkkjfdadfa,91CX100GU8032102874GX20,kjdskjdjkfa,lkdfsjlsadslads,afdslafdjafsa,1,91CX100GU8032102874GX20,Purchased
oiuiujjhdsfaf,adsfadsfadsfa,kjkjdkkjfdadfa,91CX100GU8032102875GX20,kjdskjdjkfa,lkdfsjlsadslads,afdslafdjafsa,1,91CX100GU8032102875GX20,Purchased
oiuiujjhdsfaf,adsfadsfadsfa,kjkjdkkjfdadfa,91CX100GU8032102876GX20,kjdskjdjkfa,lkdfsjlsadslads,afdslafdjafsa,1,91CX100GU8032102876GX20,Purchased
oiuiujjhdsfaf,adsfadsfadsfa,kjkjdkkjfdadfa,91CX100GU8032102877GX20,kjdskjdjkfa,lkdfsjlsadslads,afdslafdjafsa,1,91CX100GU8032102877GX20,Purchased
oiuiujjhdsfaf,adsfadsfadsfa,kjkjdkkjfdadfa,91CX100GU8032102878GX20,kjdskjdjkfa,lkdfsjlsadslads,afdslafdjafsa,1,91CX100GU8032102878GX20,Purchased
oiuiujjhdsfaf,adsfadsfadsfa,kjkjdkkjfdadfa,91CX100GU8032102879GX20,kjdskjdjkfa,lkdfsjlsadslads,afdslafdjafsa,1,91CX100GU8032102879GX20,Purchased
oiuiujjhdsfaf,adsfadsfadsfa,kjkjdkkjfdadfa,91CX100GU8032102880GX20,kjdskjdjkfa,lkdfsjlsadslads,afdslafdjafsa,1,91CX100GU8032102880GX20,Purchased
oiuiujjhdsfaf,adsfadsfadsfa,kjkjdkkjfdadfa,91CX100GU8032102881GX20,kjdskjdjkfa,lkdfsjlsadslads,afdslafdjafsa,1,91CX100GU8032102881GX20,Purchased
oiuiujjhdsfaf,adsfadsfadsfa,kjkjdkkjfdadfa,91CX100GU8032102882GX20,kjdskjdjkfa,lkdfsjlsadslads,afdslafdjafsa,1,91CX100GU8032102882GX20,Purchased
oiuiujjhdsfaf,adsfadsfadsfa,kjkjdkkjfdadfa,91CX100GU8032102883GX20,kjdskjdjkfa,lkdfsjlsadslads,afdslafdjafsa,1,91CX100GU8032102883GX20,Purchased
oiuiujjhdsfaf,adsfadsfadsfa,kjkjdkkjfdadfa,91CX100GU8032102884GX20,kjdskjdjkfa,lkdfsjlsadslads,afdslafdjafsa,1,91CX100GU8032102884GX20,Purchased
oiuiujjhdsfaf,adsfadsfadsfa,kjkjdkkjfdadfa,91CX100GU8032102885GX20,kjdskjdjkfa,lkdfsjlsadslads,afdslafdjafsa,1,91CX100GU8032102885GX20,Purchased
oiuiujjhdsfaf,adsfadsfadsfa,kjkjdkkjfdadfa,91CX100GU8032102886GX20,kjdskjdjkfa,lkdfsjlsadslads,afdslafdjafsa,1,91CX100GU8032102886GX20,Purchased
oiuiujjhdsfaf,adsfadsfadsfa,kjkjdkkjfdadfa,91CX100GU8032102887GX20,kjdskjdjkfa,lkdfsjlsadslads,afdslafdjafsa,1,91CX100GU8032102887GX20,Purchased
oiuiujjhdsfaf,adsfadsfadsfa,kjkjdkkjfdadfa,91CX100GU8032102888GX20,kjdskjdjkfa,lkdfsjlsadslads,afdslafdjafsa,1,91CX100GU8032102888GX20,Purchased
oiuiujjhdsfaf,adsfadsfadsfa,kjkjdkkjfdadfa,91CX100GU8032102889GX20,kjdskjdjkfa,lkdfsjlsadslads,afdslafdjafsa,1,91CX100GU8032102889GX20,Purchased
oiuiujjhdsfaf,adsfadsfadsfa,kjkjdkkjfdadfa,91CX100GU8032102890GX20,kjdskjdjkfa,lkdfsjlsadslads,afdslafdjafsa,1,91CX100GU8032102890GX20,Purchased
oiuiujjhdsfaf,adsfadsfadsfa,kjkjdkkjfdadfa,91CX100GU8032102891GX20,kjdskjdjkfa,lkdfsjlsadslads,afdslafdjafsa,1,91CX100GU8032102891GX20,Purchased
oiuiujjhdsfaf,adsfadsfadsfa,kjkjdkkjfdadfa,91CX100GU8032102892GX20,kjdskjdjkfa,lkdfsjlsadslads,afdslafdjafsa,1,91CX100GU8032102892GX20,Purchased
oiuiujjhdsfaf,adsfadsfadsfa,kjkjdkkjfdadfa,91CX100GU8032102893GX20,kjdskjdjkfa,lkdfsjlsadslads,afdslafdjafsa,1,91CX100GU8032102893GX20,Purchased
oiuiujjhdsfaf,adsfadsfadsfa,kjkjdkkjfdadfa,91CX100GU8032102894GX20,kjdskjdjkfa,lkdfsjlsadslads,afdslafdjafsa,1,91CX100GU8032102894GX20,Purchased
oiuiujjhdsfaf,adsfadsfadsfa,kjkjdkkjfdadfa,91CX100GU8032102895GX20,kjdskjdjkfa,lkdfsjlsadslads,afdslafdjafsa,1,91CX100GU8032102895GX20,Purchased
oiuiujjhdsfaf,adsfadsfadsfa,kjkjdkkjfdadfa,91CX100GU8032102896GX20,kjdskjdjkfa,lkdfsjlsadslads,afdslafdjafsa,1,91CX100GU8032102896GX20,Purchased
oiuiujjhdsfaf,adsfadsfadsfa,kjkjdkkjfdadfa,91CX100GU8032102897GX20,kjdskjdjkfa,lkdfsjlsadslads,afdslafdjafsa,1,91CX100GU8032102897GX20,Purchased
oiuiujjhdsfaf,adsfadsfadsfa,kjkjdkkjfdadfa,91CX100GU8032102898GX20,kjdskjdjkfa,lkdfsjlsadslads,afdslafdjafsa,1,91CX100GU8032102898GX20,Purchased
oiuiujjhdsfaf,adsfadsfadsfa,kjkjdkkjfdadfa,91CX100GU8032102899GX20,kjdskjdjkfa,lkdfsjlsadslads,afdslafdjafsa,1,91CX100GU8032102899GX20,Purchased
oiuiujjhdsfaf,adsfadsfadsfa,kjkjdkkjfdadfa,91CX100GU8032102900GX20,kjdskjdjkfa,lkdfsjlsadslads,afdslafdjafsa,1,91CX100GU8032102900GX20,Purchased
oiuiujjhdsfaf,adsfadsfadsfa,kjkjdkkjfdadfa,91CX100GU8032102901GX20,kjdskjdjkfa,lkdfsjlsadslads,afdslafdjafsa,1,91CX100GU8032102901GX20,Purchased
oiuiujjhdsfaf,adsfadsfadsfa,kjkjdkkjfdadfa,91CX100GU8032102902GX20,kjdskjdjkfa,lkdfsjlsadslads,afdslafdjafsa,1,91CX100GU8032102902GX20,Purchased
oiuiujjhdsfaf,adsfadsfadsfa,kjkjdkkjfdadfa,91CX100GU8032102903GX20,kjdskjdjkfa,lkdfsjlsadslads,afdslafdjafsa,1,91CX100GU8032102903GX20,Purchased
oiuiujjhdsfaf,adsfadsfadsfa,kjkjdkkjfdadfa,91CX100GU8032102904GX20,kjdskjdjkfa,lkdfsjlsadslads,afdslafdjafsa,1,91CX100GU8032102904GX20,Purchased
oiuiujjhdsfaf,adsfadsfadsfa,kjkjdkkjfdadfa,91CX100GU8032102905GX20,kjdskjdjkfa,lkdfsjlsadslads,afdslafdjafsa,1,91CX100GU8032102905GX20,Purchased
oiuiujjhdsfaf,adsfadsfadsfa,kjkjdkkjfdadfa,91CX100GU8032102906GX20,kjdskjdjkfa,lkdfsjlsadslads,afdslafdjafsa,1,91CX100GU8032102906GX20,Purchased
oiuiujjhdsfaf,adsfadsfadsfa,kjkjdkkjfdadfa,91CX100GU8032102907GX20,kjdskjdjkfa,lkdfsjlsadslads,afdslafdjafsa,1,91CX100GU8032102907GX20,Purchased
oiuiujjhdsfaf,adsfadsfadsfa,kjkjdkkjfdadfa,91CX100GU8032102908GX20,kjdskjdjkfa,lkdfsjlsadslads,afdslafdjafsa,1,91CX100GU8032102908GX20,Purchased
oiuiujjhdsfaf,adsfadsfadsfa,kjkjdkkjfdadfa,91CX100GU8032102909GX20,kjdskjdjkfa,lkdfsjlsadslads,afdslafdjafsa,1,91CX100GU8032102909GX20,Purchased
oiuiujjhdsfaf,adsfadsfadsfa,kjkjdkkjfdadfa,91CX100GU8032102910GX20,kjdskjdjkfa,lkdfsjlsadslads,afdslafdjafsa,1,91CX100GU8032102910GX20,Purchased
oiuiujjhdsfaf,adsfadsfadsfa,kjkjdkkjfdadfa,91CX100GU8032102911GX20,kjdskjdjkfa,lkdfsjlsadslads,afdslafdjafsa,1,91CX100GU8032102911GX20,Purchased
oiuiujjhdsfaf,adsfadsfadsfa,kjkjdkkjfdadfa,91CX100GU8032102912GX20,kjdskjdjkfa,lkdfsjlsadslads,afdslafdjafsa,1,91CX100GU8032102912GX20,Purchased
oiuiujjhdsfaf,adsfadsfadsfa,kjkjdkkjfdadfa,91CX100GU8032102913GX20,kjdskjdjkfa,lkdfsjlsadslads,afdslafdjafsa,1,91CX100GU8032102913GX20,Purchased
oiuiujjhdsfaf,adsfadsfadsfa,kjkjdkkjfdadfa,91CX100GU8032102914GX20,kjdskjdjkfa,lkdfsjlsadslads,afdslafdjafsa,1,91CX100GU8032102914GX20,Purchased
oiuiujjhdsfaf,adsfadsfadsfa,kjkjdkkjfdadfa,91CX100GU8032102915GX20,kjdskjdjkfa,lkdfsjlsadslads,afdslafdjafsa,1,91CX100GU8032102915GX20,Purchased
oiuiujjhdsfaf,adsfadsfadsfa,kjkjdkkjfdadfa,91CX100GU8032102916GX20,kjdskjdjkfa,lkdfsjlsadslads,afdslafdjafsa,1,91CX100GU8032102916GX20,Purchased
oiuiujjhdsfaf,adsfadsfadsfa,kjkjdkkjfdadfa,91CX100GU8032102917GX20,kjdskjdjkfa,lkdfsjlsadslads,afdslafdjafsa,1,91CX100GU8032102917GX20,Purchased
oiuiujjhdsfaf,adsfadsfadsfa,kjkjdkkjfdadfa,91CX100GU8032102918GX20,kjdskjdjkfa,lkdfsjlsadslads,afdslafdjafsa,1,91CX100GU8032102918GX20,Purchased
oiuiujjhdsfaf,adsfadsfadsfa,kjkjdkkjfdadfa,91CX100GU8032102919GX20,kjdskjdjkfa,lkdfsjlsadslads,afdslafdjafsa,1,91CX100GU8032102919GX20,Purchased
oiuiujjhdsfaf,adsfadsfadsfa,kjkjdkkjfdadfa,91CX100GU8032102920GX20,kjdskjdjkfa,lkdfsjlsadslads,afdslafdjafsa,1,91CX100GU8032102920GX20,Purchased
oiuiujjhdsfaf,adsfadsfadsfa,kjkjdkkjfdadfa,91CX100GU8032102921GX20,kjdskjdjkfa,lkdfsjlsadslads,afdslafdjafsa,1,91CX100GU8032102921GX20,Purchased
oiuiujjhdsfaf,adsfadsfadsfa,kjkjdkkjfdadfa,91CX100GU8032102922GX20,kjdskjdjkfa,lkdfsjlsadslads,afdslafdjafsa,1,91CX100GU8032102922GX20,Purchased
oiuiujjhdsfaf,adsfadsfadsfa,kjkjdkkjfdadfa,91CX100GU8032102923GX20,kjdskjdjkfa,lkdfsjlsadslads,afdslafdjafsa,1,91CX100GU8032102923GX20,Purchased
oiuiujjhdsfaf,adsfadsfadsfa,kjkjdkkjfdadfa,91CX100GU8032102924GX20,kjdskjdjkfa,lkdfsjlsadslads,afdslafdjafsa,1,91CX100GU8032102924GX20,Purchased
oiuiujjhdsfaf,adsfadsfadsfa,kjkjdkkjfdadfa,91CX100GU8032102925GX20,kjdskjdjkfa,lkdfsjlsadslads,afdslafdjafsa,1,91CX100GU8032102925GX20,Purchased
oiuiujjhdsfaf,adsfadsfadsfa,kjkjdkkjfdadfa,91CX100GU8032102926GX20,kjdskjdjkfa,lkdfsjlsadslads,afdslafdjafsa,1,91CX100GU8032102926GX20,Purchased
oiuiujjhdsfaf,adsfadsfadsfa,kjkjdkkjfdadfa,91CX100GU8032102927GX20,kjdskjdjkfa,lkdfsjlsadslads,afdslafdjafsa,1,91CX100GU8032102927GX20,Purchased
oiuiujjhdsfaf,adsfadsfadsfa,kjkjdkkjfdadfa,91CX100GU8032102928GX20,kjdskjdjkfa,lkdfsjlsadslads,afdslafdjafsa,1,91CX100GU8032102928GX20,Purchased
oiuiujjhdsfaf,adsfadsfadsfa,kjkjdkkjfdadfa,91CX100GU8032102929GX20,kjdskjdjkfa,lkdfsjlsadslads,afdslafdjafsa,1,91CX100GU8032102929GX20,Purchased
oiuiujjhdsfaf,adsfadsfadsfa,kjkjdkkjfdadfa,91CX100GU8032102930GX20,kjdskjdjkfa,lkdfsjlsadslads,afdslafdjafsa,1,91CX100GU8032102930GX20,Purchased
oiuiujjhdsfaf,adsfadsfadsfa,kjkjdkkjfdadfa,91CX100GU8032102931GX20,kjdskjdjkfa,lkdfsjlsadslads,afdslafdjafsa,1,91CX100GU8032102931GX20,Purchased
oiuiujjhdsfaf,adsfadsfadsfa,kjkjdkkjfdadfa,91CX100GU8032102932GX20,kjdskjdjkfa,lkdfsjlsadslads,afdslafdjafsa,1,91CX100GU8032102932GX20,Purchased
oiuiujjhdsfaf,adsfadsfadsfa,kjkjdkkjfdadfa,91CX100GU8032102933GX20,kjdskjdjkfa,lkdfsjlsadslads,afdslafdjafsa,1,91CX100GU8032102933GX20,Purchased
oiuiujjhdsfaf,adsfadsfadsfa,kjkjdkkjfdadfa,91CX100GU8032102934GX20,kjdskjdjkfa,lkdfsjlsadslads,afdslafdjafsa,1,91CX100GU8032102934GX20,Purchased
oiuiujjhdsfaf,adsfadsfadsfa,kjkjdkkjfdadfa,91CX100GU8032102935GX20,kjdskjdjkfa,lkdfsjlsadslads,afdslafdjafsa,1,91CX100GU8032102935GX20,Purchased
oiuiujjhdsfaf,adsfadsfadsfa,kjkjdkkjfdadfa,91CX100GU8032102936GX20,kjdskjdjkfa,lkdfsjlsadslads,afdslafdjafsa,1,91CX100GU8032102936GX20,Purchased
oiuiujjhdsfaf,adsfadsfadsfa,kjkjdkkjfdadfa,91CX100GU8032102937GX20,kjdskjdjkfa,lkdfsjlsadslads,afdslafdjafsa,1,91CX100GU8032102937GX20,Purchased
oiuiujjhdsfaf,adsfadsfadsfa,kjkjdkkjfdadfa,91CX100GU8032102938GX20,kjdskjdjkfa,lkdfsjlsadslads,afdslafdjafsa,1,91CX100GU8032102938GX20,Purchased
oiuiujjhdsfaf,adsfadsfadsfa,kjkjdkkjfdadfa,91CX100GU8032102939GX20,kjdskjdjkfa,lkdfsjlsadslads,afdslafdjafsa,1,91CX100GU8032102939GX20,Purchased
oiuiujjhdsfaf,adsfadsfadsfa,kjkjdkkjfdadfa,91CX100GU8032102940GX20,kjdskjdjkfa,lkdfsjlsadslads,afdslafdjafsa,1,91CX100GU8032102940GX20,Purchased
oiuiujjhdsfaf,adsfadsfadsfa,kjkjdkkjfdadfa,91CX100GU8032102941GX20,kjdskjdjkfa,lkdfsjlsadslads,afdslafdjafsa,1,91CX100GU8032102941GX20,Purchased
oiuiujjhdsfaf,adsfadsfadsfa,kjkjdkkjfdadfa,91CX100GU8032102942GX20,kjdskjdjkfa,lkdfsjlsadslads,afdslafdjafsa,1,91CX100GU8032102942GX20,Purchased
oiuiujjhdsfaf,adsfadsfadsfa,kjkjdkkjfdadfa,91CX100GU8032102943GX20,kjdskjdjkfa,lkdfsjlsadslads,afdslafdjafsa,1,91CX100GU8032102943GX20,Purchased
oiuiujjhdsfaf,adsfadsfadsfa,kjkjdkkjfdadfa,91CX100GU8032102944GX20,kjdskjdjkfa,lkdfsjlsadslads,afdslafdjafsa,1,91CX100GU8032102944GX20,Purchased
oiuiujjhdsfaf,adsfadsfadsfa,kjkjdkkjfdadfa,91CX100GU8032102945GX20,kjdskjdjkfa,lkdfsjlsadslads,afdslafdjafsa,1,91CX100GU8032102945GX20,Purchased
oiuiujjhdsfaf,adsfadsfadsfa,kjkjdkkjfdadfa,91CX100GU8032102946GX20,kjdskjdjkfa,lkdfsjlsadslads,afdslafdjafsa,1,91CX100GU8032102946GX20,Purchased
oiuiujjhdsfaf,adsfadsfadsfa,kjkjdkkjfdadfa,91CX100GU8032102947GX20,kjdskjdjkfa,lkdfsjlsadslads,afdslafdjafsa,1,91CX100GU8032102947GX20,Purchased
oiuiujjhdsfaf,adsfadsfadsfa,kjkjdkkjfdadfa,91CX100GU8032102948GX20,kjdskjdjkfa,lkdfsjlsadslads,afdslafdjafsa,1,91CX100GU8032102948GX20,Purchased
oiuiujjhdsfaf,adsfadsfadsfa,kjkjdkkjfdadfa,91CX100GU8032102949GX20,kjdskjdjkfa,lkdfsjlsadslads,afdslafdjafsa,1,91CX100GU8032102949GX20,Purchased
oiuiujjhdsfaf,adsfadsfadsfa,kjkjdkkjfdadfa,91CX100GU8032102950GX20,kjdskjdjkfa,lkdfsjlsadslads,afdslafdjafsa,1,91CX100GU8032102950GX20,Purchased
oiuiujjhdsfaf,adsfadsfadsfa,kjkjdkkjfdadfa,91CX100GU8032102951GX20,kjdskjdjkfa,lkdfsjlsadslads,afdslafdjafsa,1,91CX100GU8032102951GX20,Purchased
oiuiujjhdsfaf,adsfadsfadsfa,kjkjdkkjfdadfa,91CX100GU8032102952GX20,kjdskjdjkfa,lkdfsjlsadslads,afdslafdjafsa,1,91CX100GU8032102952GX20,Purchased
oiuiujjhdsfaf,adsfadsfadsfa,kjkjdkkjfdadfa,91CX100GU8032102953GX20,kjdskjdjkfa,lkdfsjlsadslads,afdslafdjafsa,1,91CX100GU8032102953GX20,Purchased
oiuiujjhdsfaf,adsfadsfadsfa,kjkjdkkjfdadfa,91CX100GU8032102954GX20,kjdskjdjkfa,lkdfsjlsadslads,afdslafdjafsa,1,91CX100GU8032102954GX20,Purchased
oiuiujjhdsfaf,adsfadsfadsfa,kjkjdkkjfdadfa,91CX100GU8032102955GX20,kjdskjdjkfa,lkdfsjlsadslads,afdslafdjafsa,1,91CX100GU8032102955GX20,Purchased
oiuiujjhdsfaf,adsfadsfadsfa,kjkjdkkjfdadfa,91CX100GU8032102956GX20,kjdskjdjkfa,lkdfsjlsadslads,afdslafdjafsa,1,91CX100GU8032102956GX20,Purchased
oiuiujjhdsfaf,adsfadsfadsfa,kjkjdkkjfdadfa,91CX100GU8032102957GX20,kjdskjdjkfa,lkdfsjlsadslads,afdslafdjafsa,1,91CX100GU8032102957GX20,Purchased
oiuiujjhdsfaf,adsfadsfadsfa,kjkjdkkjfdadfa,91CX100GU8032102958GX20,kjdskjdjkfa,lkdfsjlsadslads,afdslafdjafsa,1,91CX100GU8032102958GX20,Purchased
oiuiujjhdsfaf,adsfadsfadsfa,kjkjdkkjfdadfa,91CX100GU8032102959GX20,kjdskjdjkfa,lkdfsjlsadslads,afdslafdjafsa,1,91CX100GU8032102959GX20,Purchased
oiuiujjhdsfaf,adsfadsfadsfa,kjkjdkkjfdadfa,91CX100GU8032102960GX20,kjdskjdjkfa,lkdfsjlsadslads,afdslafdjafsa,1,91CX100GU8032102960GX20,Purchased
oiuiujjhdsfaf,adsfadsfadsfa,kjkjdkkjfdadfa,91CX100GU8032102961GX20,kjdskjdjkfa,lkdfsjlsadslads,afdslafdjafsa,1,91CX100GU8032102961GX20,Purchased
oiuiujjhdsfaf,adsfadsfadsfa,kjkjdkkjfdadfa,91CX100GU8032102962GX20,kjdskjdjkfa,lkdfsjlsadslads,afdslafdjafsa,1,91CX100GU8032102962GX20,Purchased
oiuiujjhdsfaf,adsfadsfadsfa,kjkjdkkjfdadfa,91CX100GU8032102963GX20,kjdskjdjkfa,lkdfsjlsadslads,afdslafdjafsa,1,91CX100GU8032102963GX20,Purchased
oiuiujjhdsfaf,adsfadsfadsfa,kjkjdkkjfdadfa,91CX100GU8032102964GX20,kjdskjdjkfa,lkdfsjlsadslads,afdslafdjafsa,1,91CX100GU8032102964GX20,Purchased
oiuiujjhdsfaf,adsfadsfadsfa,kjkjdkkjfdadfa,91CX100GU8032102965GX20,kjdskjdjkfa,lkdfsjlsadslads,afdslafdjafsa,1,91CX100GU8032102965GX20,Purchased
oiuiujjhdsfaf,adsfadsfadsfa,kjkjdkkjfdadfa,91CX100GU8032102966GX20,kjdskjdjkfa,lkdfsjlsadslads,afdslafdjafsa,1,91CX100GU8032102966GX20,Purchased
oiuiujjhdsfaf,adsfadsfadsfa,kjkjdkkjfdadfa,91CX100GU8032102967GX20,kjdskjdjkfa,lkdfsjlsadslads,afdslafdjafsa,1,91CX100GU8032102967GX20,Purchased
oiuiujjhdsfaf,adsfadsfadsfa,kjkjdkkjfdadfa,91CX100GU8032102968GX20,kjdskjdjkfa,lkdfsjlsadslads,afdslafdjafsa,1,91CX100GU8032102968GX20,Purchased
oiuiujjhdsfaf,adsfadsfadsfa,kjkjdkkjfdadfa,91CX100GU8032102969GX20,kjdskjdjkfa,lkdfsjlsadslads,afdslafdjafsa,1,91CX100GU8032102969GX20,Purchased
oiuiujjhdsfaf,adsfadsfadsfa,kjkjdkkjfdadfa,91CX100GU8032102970GX20,kjdskjdjkfa,lkdfsjlsadslads,afdslafdjafsa,1,91CX100GU8032102970GX20,Purchased
oiuiujjhdsfaf,adsfadsfadsfa,kjkjdkkjfdadfa,91CX100GU8032102971GX20,kjdskjdjkfa,lkdfsjlsadslads,afdslafdjafsa,1,91CX100GU8032102971GX20,Purchased
oiuiujjhdsfaf,adsfadsfadsfa,kjkjdkkjfdadfa,91CX100GU8032102972GX20,kjdskjdjkfa,lkdfsjlsadslads,afdslafdjafsa,1,91CX100GU8032102972GX20,Purchased
oiuiujjhdsfaf,adsfadsfadsfa,kjkjdkkjfdadfa,91CX100GU8032102973GX20,kjdskjdjkfa,lkdfsjlsadslads,afdslafdjafsa,1,91CX100GU8032102973GX20,Purchased
oiuiujjhdsfaf,adsfadsfadsfa,kjkjdkkjfdadfa,91CX100GU8032102974GX20,kjdskjdjkfa,lkdfsjlsadslads,afdslafdjafsa,1,91CX100GU8032102974GX20,Purchased
oiuiujjhdsfaf,adsfadsfadsfa,kjkjdkkjfdadfa,91CX100GU8032102975GX20,kjdskjdjkfa,lkdfsjlsadslads,afdslafdjafsa,1,91CX100GU8032102975GX20,Purchased
oiuiujjhdsfaf,adsfadsfadsfa,kjkjdkkjfdadfa,91CX100GU8032102976GX20,kjdskjdjkfa,lkdfsjlsadslads,afdslafdjafsa,1,91CX100GU8032102976GX20,Purchased
oiuiujjhdsfaf,adsfadsfadsfa,kjkjdkkjfdadfa,91CX100GU8032102977GX20,kjdskjdjkfa,lkdfsjlsadslads,afdslafdjafsa,1,91CX100GU8032102977GX20,Purchased
oiuiujjhdsfaf,adsfadsfadsfa,kjkjdkkjfdadfa,91CX100GU8032102978GX20,kjdskjdjkfa,lkdfsjlsadslads,afdslafdjafsa,1,91CX100GU8032102978GX20,Purchased
oiuiujjhdsfaf,adsfadsfadsfa,kjkjdkkjfdadfa,91CX100GU8032102979GX20,kjdskjdjkfa,lkdfsjlsadslads,afdslafdjafsa,1,91CX100GU8032102979GX20,Purchased
oiuiujjhdsfaf,adsfadsfadsfa,kjkjdkkjfdadfa,91CX100GU8032102980GX20,kjdskjdjkfa,lkdfsjlsadslads,afdslafdjafsa,1,91CX100GU8032102980GX20,Purchased
oiuiujjhdsfaf,adsfadsfadsfa,kjkjdkkjfdadfa,91CX100GU8032102981GX20,kjdskjdjkfa,lkdfsjlsadslads,afdslafdjafsa,1,91CX100GU8032102981GX20,Purchased
oiuiujjhdsfaf,adsfadsfadsfa,kjkjdkkjfdadfa,91CX100GU8032102982GX20,kjdskjdjkfa,lkdfsjlsadslads,afdslafdjafsa,1,91CX100GU8032102982GX20,Purchased
oiuiujjhdsfaf,adsfadsfadsfa,kjkjdkkjfdadfa,91CX100GU8032102983GX20,kjdskjdjkfa,lkdfsjlsadslads,afdslafdjafsa,1,91CX100GU8032102983GX20,Purchased
oiuiujjhdsfaf,adsfadsfadsfa,kjkjdkkjfdadfa,91CX100GU8032102984GX20,kjdskjdjkfa,lkdfsjlsadslads,afdslafdjafsa,1,91CX100GU8032102984GX20,Purchased
oiuiujjhdsfaf,adsfadsfadsfa,kjkjdkkjfdadfa,91CX100GU8032102985GX20,kjdskjdjkfa,lkdfsjlsadslads,afdslafdjafsa,1,91CX100GU8032102985GX20,Purchased
oiuiujjhdsfaf,adsfadsfadsfa,kjkjdkkjfdadfa,91CX100GU8032102986GX20,kjdskjdjkfa,lkdfsjlsadslads,afdslafdjafsa,1,91CX100GU8032102986GX20,Purchased
oiuiujjhdsfaf,adsfadsfadsfa,kjkjdkkjfdadfa,91CX100GU8032102987GX20,kjdskjdjkfa,lkdfsjlsadslads,afdslafdjafsa,1,91CX100GU8032102987GX20,Purchased
oiuiujjhdsfaf,adsfadsfadsfa,kjkjdkkjfdadfa,91CX100GU8032102988GX20,kjdskjdjkfa,lkdfsjlsadslads,afdslafdjafsa,1,91CX100GU8032102988GX20,Purchased
oiuiujjhdsfaf,adsfadsfadsfa,kjkjdkkjfdadfa,91CX100GU8032102989GX20,kjdskjdjkfa,lkdfsjlsadslads,afdslafdjafsa,1,91CX100GU8032102989GX20,Purchased
oiuiujjhdsfaf,adsfadsfadsfa,kjkjdkkjfdadfa,91CX100GU8032102990GX20,kjdskjdjkfa,lkdfsjlsadslads,afdslafdjafsa,1,91CX100GU8032102990GX20,Purchased
oiuiujjhdsfaf,adsfadsfadsfa,kjkjdkkjfdadfa,91CX100GU8032102991GX20,kjdskjdjkfa,lkdfsjlsadslads,afdslafdjafsa,1,91CX100GU8032102991GX20,Purchased
oiuiujjhdsfaf,adsfadsfadsfa,kjkjdkkjfdadfa,91CX100GU8032102992GX20,kjdskjdjkfa,lkdfsjlsadslads,afdslafdjafsa,1,91CX100GU8032102992GX20,Purchased
oiuiujjhdsfaf,adsfadsfadsfa,kjkjdkkjfdadfa,91CX100GU8032102993GX20,kjdskjdjkfa,lkdfsjlsadslads,afdslafdjafsa,1,91CX100GU8032102993GX20,Purchased
oiuiujjhdsfaf,adsfadsfadsfa,kjkjdkkjfdadfa,91CX100GU8032102994GX20,kjdskjdjkfa,lkdfsjlsadslads,afdslafdjafsa,1,91CX100GU8032102994GX20,Purchased
oiuiujjhdsfaf,adsfadsfadsfa,kjkjdkkjfdadfa,91CX100GU8032102995GX20,kjdskjdjkfa,lkdfsjlsadslads,afdslafdjafsa,1,91CX100GU8032102995GX20,Purchased
oiuiujjhdsfaf,adsfadsfadsfa,kjkjdkkjfdadfa,91CX100GU8032102996GX20,kjdskjdjkfa,lkdfsjlsadslads,afdslafdjafsa,1,91CX100GU8032102996GX20,Purchased
oiuiujjhdsfaf,adsfadsfadsfa,kjkjdkkjfdadfa,91CX100GU8032102997GX20,kjdskjdjkfa,lkdfsjlsadslads,afdslafdjafsa,1,91CX100GU8032102997GX20,Purchased
oiuiujjhdsfaf,adsfadsfadsfa,kjkjdkkjfdadfa,91CX100GU8032102998GX20,kjdskjdjkfa,lkdfsjlsadslads,afdslafdjafsa,1,91CX100GU8032102998GX20,Purchased
oiuiujjhdsfaf,adsfadsfadsfa,kjkjdkkjfdadfa,91CX100GU8032102999GX20,kjdskjdjkfa,lkdfsjlsadslads,afdslafdjafsa,1,91CX100GU8032102999GX20,Purchased
oiuiujjhdsfaf,adsfadsfadsfa,kjkjdkkjfdadfa,91CX100GU8032103000GX20,kjdskjdjkfa,lkdfsjlsadslads,afdslafdjafsa,1,91CX100GU8032103000GX20,Purchased
oiuiujjhdsfaf,adsfadsfadsfa,kjkjdkkjfdadfa,91CX100GU8032103001GX20,kjdskjdjkfa,lkdfsjlsadslads,afdslafdjafsa,1,91CX100GU8032103001GX20,Purchased
oiuiujjhdsfaf,adsfadsfadsfa,kjkjdkkjfdadfa,91CX100GU8032103002GX20,kjdskjdjkfa,lkdfsjlsadslads,afdslafdjafsa,1,91CX100GU8032103002GX20,Purchased
oiuiujjhdsfaf,adsfadsfadsfa,kjkjdkkjfdadfa,91CX100GU8032103003GX20,kjdskjdjkfa,lkdfsjlsadslads,afdslafdjafsa,1,91CX100GU8032103003GX20,Purchased
oiuiujjhdsfaf,adsfadsfadsfa,kjkjdkkjfdadfa,91CX100GU8032103004GX20,kjdskjdjkfa,lkdfsjlsadslads,afdslafdjafsa,1,91CX100GU8032103004GX20,Purchased
oiuiujjhdsfaf,adsfadsfadsfa,kjkjdkkjfdadfa,91CX100GU8032103005GX20,kjdskjdjkfa,lkdfsjlsadslads,afdslafdjafsa,1,91CX100GU8032103005GX20,Purchased
oiuiujjhdsfaf,adsfadsfadsfa,kjkjdkkjfdadfa,91CX100GU8032103006GX20,kjdskjdjkfa,lkdfsjlsadslads,afdslafdjafsa,1,91CX100GU8032103006GX20,Purchased
